date,department,export_value
2005-01-01,Amazonas,0.17747598
2005-01-01,Ancash,188.67116525
2005-01-01,Apurimac,0.0046213
2005-01-01,Arequipa,27.92751664
2005-01-01,Ayacucho,0.23633488
2005-01-01,Cajamarca,83.76016196
2005-01-01,Callao,94.4596187099999
2005-01-01,Cusco,28.97917014
2005-01-01,Huancavelica,0
2005-01-01,Huanuco,0.08961528
2005-01-01,Ica,69.4892972699999
2005-01-01,Junin,52.62868008
2005-01-01,La Libertad,35.6961911599999
2005-01-01,Lambayeque,13.31461987
2005-01-01,Lima,327.89882314
2005-01-01,Loreto,4.68426189
2005-01-01,Madre De Dios,0.43190006
2005-01-01,Moquegua,170.00505146
2005-01-01,Pasco,11.43615445
2005-01-01,Piura,63.6991736100002
2005-01-01,Puno,4.43784698
2005-01-01,San Martin,3.94542865
2005-01-01,Tacna,72.2144352
2005-01-01,Tumbes,3.96391074
2005-01-01,Ucayali,1.20100574
2005-01-01,No Registrado,4.70155549965057
2005-01-01,Total,1264.05401593965
2005-02-01,Amazonas,0.14609613
2005-02-01,Ancash,151.56680567
2005-02-01,Apurimac,0
2005-02-01,Arequipa,31.44148091
2005-02-01,Ayacucho,0.09542591
2005-02-01,Cajamarca,134.97155283
2005-02-01,Callao,74.0120584899999
2005-02-01,Cusco,7.42876401
2005-02-01,Huancavelica,0.03528298
2005-02-01,Huanuco,0.27758624
2005-02-01,Ica,54.80528985
2005-02-01,Junin,60.48788474
2005-02-01,La Libertad,19.47024551
2005-02-01,Lambayeque,7.41558461
2005-02-01,Lima,342.791299940002
2005-02-01,Loreto,5.86212993
2005-02-01,Madre De Dios,0.89065971
2005-02-01,Moquegua,100.39690865
2005-02-01,Pasco,18.01980403
2005-02-01,Piura,68.8704715400003
2005-02-01,Puno,5.71325029
2005-02-01,San Martin,0.85441985
2005-02-01,Tacna,39.72895264
2005-02-01,Tumbes,5.76003123
2005-02-01,Ucayali,1.66693419
2005-02-01,No Registrado,4.28776544399443
2005-02-01,Total,1136.996685324
2005-03-01,Amazonas,0.11884646
2005-03-01,Ancash,198.29166585
2005-03-01,Apurimac,4.50036544
2005-03-01,Arequipa,56.98445005
2005-03-01,Ayacucho,0.40723288
2005-03-01,Cajamarca,121.18026565
2005-03-01,Callao,89.0439445499998
2005-03-01,Cusco,45.41003553
2005-03-01,Huancavelica,0.71745338
2005-03-01,Huanuco,1.75166142
2005-03-01,Ica,77.7718781
2005-03-01,Junin,55.9758463
2005-03-01,La Libertad,25.13556579
2005-03-01,Lambayeque,11.92601967
2005-03-01,Lima,357.732883460005
2005-03-01,Loreto,2.91966116
2005-03-01,Madre De Dios,0.83693271
2005-03-01,Moquegua,108.51275557
2005-03-01,Pasco,53.52801535
2005-03-01,Piura,61.3973847799999
2005-03-01,Puno,7.04592495
2005-03-01,San Martin,0.23765933
2005-03-01,Tacna,53.41822191
2005-03-01,Tumbes,5.26865043
2005-03-01,Ucayali,1.90673924
2005-03-01,No Registrado,5.47386583329308
2005-03-01,Total,1347.4939257933
2005-04-01,Amazonas,0.03829481
2005-04-01,Ancash,157.47766965
2005-04-01,Apurimac,3.44882461
2005-04-01,Arequipa,55.70698951
2005-04-01,Ayacucho,0.46353283
2005-04-01,Cajamarca,94.22573763
2005-04-01,Callao,99.3698145499996
2005-04-01,Cusco,29.69912927
2005-04-01,Huancavelica,0.19681017
2005-04-01,Huanuco,1.67901856
2005-04-01,Ica,94.82684663
2005-04-01,Junin,56.62911193
2005-04-01,La Libertad,21.2015463
2005-04-01,Lambayeque,7.8907497699999904
2005-04-01,Lima,319.048882660003
2005-04-01,Loreto,6.97668818
2005-04-01,Madre De Dios,0.69469128
2005-04-01,Moquegua,171.1663463
2005-04-01,Pasco,32.42971456
2005-04-01,Piura,54.70853942
2005-04-01,Puno,6.01351488
2005-04-01,San Martin,2.84387477
2005-04-01,Tacna,27.26353596
2005-04-01,Tumbes,5.79736912
2005-04-01,Ucayali,2.21709167
2005-04-01,No Registrado,5.78037499205334
2005-04-01,Total,1257.79470001206
2005-05-01,Amazonas,0.12459199
2005-05-01,Ancash,187.69135793
2005-05-01,Apurimac,3.62304797
2005-05-01,Arequipa,56.27676679
2005-05-01,Ayacucho,0.30110007
2005-05-01,Cajamarca,107.2318918
2005-05-01,Callao,121.31998282
2005-05-01,Cusco,29.47844494
2005-05-01,Huancavelica,0.10205359
2005-05-01,Huanuco,1.61485118
2005-05-01,Ica,103.67467565
2005-05-01,Junin,64.58658223
2005-05-01,La Libertad,22.08969805
2005-05-01,Lambayeque,11.80042318
2005-05-01,Lima,364.064295339998
2005-05-01,Loreto,6.5604575
2005-05-01,Madre De Dios,0.2996266
2005-05-01,Moquegua,123.12545126
2005-05-01,Pasco,15.80426919
2005-05-01,Piura,75.57468719
2005-05-01,Puno,6.12706453
2005-05-01,San Martin,3.31858552
2005-05-01,Tacna,34.31132672
2005-05-01,Tumbes,6.97126824
2005-05-01,Ucayali,2.8583447
2005-05-01,No Registrado,5.84783671588457
2005-05-01,Total,1354.77868169588
2005-06-01,Amazonas,0.12578528
2005-06-01,Ancash,230.76927791
2005-06-01,Apurimac,0
2005-06-01,Arequipa,41.36397272
2005-06-01,Ayacucho,0.1706484
2005-06-01,Cajamarca,118.63082129
2005-06-01,Callao,113.04254933
2005-06-01,Cusco,15.28153238
2005-06-01,Huancavelica,0
2005-06-01,Huanuco,7.71280922
2005-06-01,Ica,124.18155297
2005-06-01,Junin,62.79415419
2005-06-01,La Libertad,39.7228169700001
2005-06-01,Lambayeque,10.96438005
2005-06-01,Lima,412.85561382
2005-06-01,Loreto,8.57861383
2005-06-01,Madre De Dios,0.20064312
2005-06-01,Moquegua,99.31650316
2005-06-01,Pasco,40.91258096
2005-06-01,Piura,41.08895086
2005-06-01,Puno,6.73985286
2005-06-01,San Martin,4.31465752
2005-06-01,Tacna,26.94046667
2005-06-01,Tumbes,7.93274265
2005-06-01,Ucayali,2.63370512
2005-06-01,No Registrado,5.6663082698044
2005-06-01,Total,1421.9409395498
2005-07-01,Amazonas,0.25100082
2005-07-01,Ancash,241.34573271
2005-07-01,Apurimac,3.3809657
2005-07-01,Arequipa,59.48591541
2005-07-01,Ayacucho,0.61665699
2005-07-01,Cajamarca,99.3071738
2005-07-01,Callao,117.37210315
2005-07-01,Cusco,12.29241857
2005-07-01,Huancavelica,0.0021361
2005-07-01,Huanuco,0.28162892
2005-07-01,Ica,136.88765092
2005-07-01,Junin,70.99617387
2005-07-01,La Libertad,62.7912425100001
2005-07-01,Lambayeque,13.57312566
2005-07-01,Lima,396.981024470002
2005-07-01,Loreto,7.46858002
2005-07-01,Madre De Dios,0.16012453
2005-07-01,Moquegua,155.79173596
2005-07-01,Pasco,22.36964103
2005-07-01,Piura,68.28428196
2005-07-01,Puno,5.15504298
2005-07-01,San Martin,4.08271977
2005-07-01,Tacna,66.2298888199999
2005-07-01,Tumbes,5.24063711
2005-07-01,Ucayali,2.38204206
2005-07-01,No Registrado,5.67972721467618
2005-07-01,Total,1558.40937105468
2005-08-01,Amazonas,0.26326217
2005-08-01,Ancash,209.1408892
2005-08-01,Apurimac,2.83877949
2005-08-01,Arequipa,50.61869328
2005-08-01,Ayacucho,0.48255581
2005-08-01,Cajamarca,116.36624821
2005-08-01,Callao,124.40942432
2005-08-01,Cusco,34.10513301
2005-08-01,Huancavelica,0.00785351
2005-08-01,Huanuco,4.60389732
2005-08-01,Ica,100.33614398
2005-08-01,Junin,59.81482674
2005-08-01,La Libertad,60.6263987400001
2005-08-01,Lambayeque,11.88818593
2005-08-01,Lima,401.92685689
2005-08-01,Loreto,8.34521680000001
2005-08-01,Madre De Dios,0.56712159
2005-08-01,Moquegua,120.35076407
2005-08-01,Pasco,37.50870985
2005-08-01,Piura,91.28162093999991
2005-08-01,Puno,9.71202372
2005-08-01,San Martin,2.55468944
2005-08-01,Tacna,32.14412915
2005-08-01,Tumbes,4.06035388
2005-08-01,Ucayali,2.66248009
2005-08-01,No Registrado,5.16915893328155
2005-08-01,Total,1491.78541706328
2005-09-01,Amazonas,0.35541937
2005-09-01,Ancash,215.3668996
2005-09-01,Apurimac,3.51315216
2005-09-01,Arequipa,47.84766674
2005-09-01,Ayacucho,0.30197364
2005-09-01,Cajamarca,133.85588126
2005-09-01,Callao,95.09496446
2005-09-01,Cusco,44.30976991
2005-09-01,Huancavelica,0.00889468
2005-09-01,Huanuco,1.1701228
2005-09-01,Ica,126.07139449
2005-09-01,Junin,68.77926784
2005-09-01,La Libertad,66.3361629000001
2005-09-01,Lambayeque,17.68370958
2005-09-01,Lima,361.385254770001
2005-09-01,Loreto,5.06247215
2005-09-01,Madre De Dios,0.1975889
2005-09-01,Moquegua,153.03176767
2005-09-01,Pasco,22.08311662
2005-09-01,Piura,72.79510575000009
2005-09-01,Puno,8.80127409
2005-09-01,San Martin,5.8233698800000004
2005-09-01,Tacna,42.92119064
2005-09-01,Tumbes,4.2083443
2005-09-01,Ucayali,2.06852612
2005-09-01,No Registrado,6.07266899682486
2005-09-01,Total,1505.14595931683
2005-10-01,Amazonas,0.27305931
2005-10-01,Ancash,187.93125203
2005-10-01,Apurimac,3.32232331
2005-10-01,Arequipa,22.22956604
2005-10-01,Ayacucho,0.28704061
2005-10-01,Cajamarca,148.19151236
2005-10-01,Callao,132.74142355
2005-10-01,Cusco,17.60535502
2005-10-01,Huancavelica,9.904e-4
2005-10-01,Huanuco,0.70207981
2005-10-01,Ica,107.61303299
2005-10-01,Junin,72.58488547
2005-10-01,La Libertad,56.49807602
2005-10-01,Lambayeque,16.44629233
2005-10-01,Lima,388.519084929998
2005-10-01,Loreto,4.31551737
2005-10-01,Madre De Dios,0.17372643
2005-10-01,Moquegua,125.43261672
2005-10-01,Pasco,23.60453986
2005-10-01,Piura,39.01773943
2005-10-01,Puno,11.23022946
2005-10-01,San Martin,3.44307748
2005-10-01,Tacna,91.7344382000001
2005-10-01,Tumbes,5.47240672
2005-10-01,Ucayali,3.12879321
2005-10-01,No Registrado,6.37269754604131
2005-10-01,Total,1468.87175660604
2005-11-01,Amazonas,2.60653373
2005-11-01,Ancash,222.81968474
2005-11-01,Apurimac,0.012768
2005-11-01,Arequipa,82.4312958
2005-11-01,Ayacucho,0.41745124
2005-11-01,Cajamarca,183.12867073
2005-11-01,Callao,76.6692912200002
2005-11-01,Cusco,38.51251057
2005-11-01,Huancavelica,0.053639
2005-11-01,Huanuco,5.75406322
2005-11-01,Ica,105.31588118
2005-11-01,Junin,73.78285538
2005-11-01,La Libertad,76.69555294
2005-11-01,Lambayeque,14.01313918
2005-11-01,Lima,388.193040760004
2005-11-01,Loreto,5.33415893
2005-11-01,Madre De Dios,0
2005-11-01,Moquegua,104.97423859
2005-11-01,Pasco,29.88031719
2005-11-01,Piura,79.3426234200001
2005-11-01,Puno,8.52301169000001
2005-11-01,San Martin,4.53411489
2005-11-01,Tacna,28.3412294
2005-11-01,Tumbes,6.6437419
2005-11-01,Ucayali,1.89924039
2005-11-01,No Registrado,6.43347204964971
2005-11-01,Total,1546.31252613965
2005-12-01,Amazonas,0.38692883
2005-12-01,Ancash,315.1132564
2005-12-01,Apurimac,7.32549133
2005-12-01,Arequipa,51.70441023
2005-12-01,Ayacucho,0.05112176
2005-12-01,Cajamarca,200.27704737
2005-12-01,Callao,153.29275546
2005-12-01,Cusco,52.28597312
2005-12-01,Huancavelica,0
2005-12-01,Huanuco,6.4705918
2005-12-01,Ica,90.0786510200001
2005-12-01,Junin,86.48332007
2005-12-01,La Libertad,111.45772518
2005-12-01,Lambayeque,17.11946891
2005-12-01,Lima,425.204678040002
2005-12-01,Loreto,7.70930763
2005-12-01,Madre De Dios,0.11489437
2005-12-01,Moquegua,248.55555061
2005-12-01,Pasco,56.2192047
2005-12-01,Piura,78.74571189
2005-12-01,Puno,9.7684672
2005-12-01,San Martin,6.13286589
2005-12-01,Tacna,76.3012045000001
2005-12-01,Tumbes,3.97762155
2005-12-01,Ucayali,2.97941486
2005-12-01,No Registrado,6.34462583299
2005-12-01,Total,2014.10028855299
2006-01-01,Amazonas,0.26310886
2006-01-01,Ancash,197.8705736
2006-01-01,Apurimac,0
2006-01-01,Arequipa,38.87425101
2006-01-01,Ayacucho,0.42539136
2006-01-01,Cajamarca,120.88705782
2006-01-01,Callao,89.40791989
2006-01-01,Cusco,31.88599087
2006-01-01,Huancavelica,2.05792008
2006-01-01,Huanuco,0.14508264
2006-01-01,Ica,114.42498652
2006-01-01,Junin,80.10132417
2006-01-01,La Libertad,87.2417791499998
2006-01-01,Lambayeque,8.58153466
2006-01-01,Lima,404.457501950002
2006-01-01,Loreto,2.26512376
2006-01-01,Madre De Dios,0.12095929
2006-01-01,Moquegua,91.67822901
2006-01-01,Pasco,32.02989609
2006-01-01,Piura,84.1851800500002
2006-01-01,Puno,8.02316593
2006-01-01,San Martin,4.90444021
2006-01-01,Tacna,22.35428023
2006-01-01,Tumbes,5.56755732
2006-01-01,Ucayali,1.98205324
2006-01-01,No Registrado,0.823736558413657
2006-01-01,Total,1430.55904426842
2006-02-01,Amazonas,0.21284308
2006-02-01,Ancash,231.52262591
2006-02-01,Apurimac,0.01038082
2006-02-01,Arequipa,42.91851444
2006-02-01,Ayacucho,0.03740244
2006-02-01,Cajamarca,150.55049442
2006-02-01,Callao,86.2711938300001
2006-02-01,Cusco,24.98176404
2006-02-01,Huancavelica,3.95735649
2006-02-01,Huanuco,2.46786326
2006-02-01,Ica,115.9671833
2006-02-01,Junin,82.81136764
2006-02-01,La Libertad,60.9407166099999
2006-02-01,Lambayeque,7.91672863
2006-02-01,Lima,344.665453169999
2006-02-01,Loreto,4.62445586
2006-02-01,Madre De Dios,0.67236455
2006-02-01,Moquegua,102.50487442
2006-02-01,Pasco,40.78098441
2006-02-01,Piura,74.1895585100005
2006-02-01,Puno,8.91706481
2006-02-01,San Martin,0.8595197
2006-02-01,Tacna,53.04609464
2006-02-01,Tumbes,4.70774541
2006-02-01,Ucayali,1.79587915
2006-02-01,No Registrado,0.8194510310615901
2006-02-01,Total,1448.14988057106
2006-03-01,Amazonas,7.5e-6
2006-03-01,Ancash,272.45836769
2006-03-01,Apurimac,21.11138342
2006-03-01,Arequipa,29.36735634
2006-03-01,Ayacucho,0.44621845
2006-03-01,Cajamarca,164.05490353
2006-03-01,Callao,112.72784955
2006-03-01,Cusco,29.0703077
2006-03-01,Huancavelica,0.69105566
2006-03-01,Huanuco,0.025125
2006-03-01,Ica,104.40671083
2006-03-01,Junin,101.17558024
2006-03-01,La Libertad,69.2079592400001
2006-03-01,Lambayeque,6.6643645
2006-03-01,Lima,392.667675611284
2006-03-01,Loreto,7.04954084
2006-03-01,Madre De Dios,3.17915943
2006-03-01,Moquegua,192.12727099
2006-03-01,Pasco,32.58770187
2006-03-01,Piura,126.17533672
2006-03-01,Puno,8.21753564
2006-03-01,San Martin,0.65458699
2006-03-01,Tacna,63.86602994
2006-03-01,Tumbes,5.77010996
2006-03-01,Ucayali,2.20360715
2006-03-01,No Registrado,0
2006-03-01,Total,1745.90574479128
2006-04-01,Amazonas,0.0765546
2006-04-01,Ancash,269.79888385
2006-04-01,Apurimac,0.06748177
2006-04-01,Arequipa,107.99796911
2006-04-01,Ayacucho,4.75776806
2006-04-01,Cajamarca,152.85825371
2006-04-01,Callao,114.03363115
2006-04-01,Cusco,33.11211871
2006-04-01,Huancavelica,1.31820043
2006-04-01,Huanuco,7.47083709
2006-04-01,Ica,99.2392322899996
2006-04-01,Junin,106.93913934
2006-04-01,La Libertad,62.6824472899999
2006-04-01,Lambayeque,7.10219469
2006-04-01,Lima,442.99745094
2006-04-01,Loreto,4.55425453
2006-04-01,Madre De Dios,1.76786663
2006-04-01,Moquegua,189.1923233
2006-04-01,Pasco,64.33650102
2006-04-01,Piura,109.13441034
2006-04-01,Puno,10.32885478
2006-04-01,San Martin,1.50841443
2006-04-01,Tacna,20.15184121
2006-04-01,Tumbes,5.5380954
2006-04-01,Ucayali,4.29846498
2006-04-01,No Registrado,0.576833923585582
2006-04-01,Total,1821.84002357358
2006-05-01,Amazonas,0.13065361
2006-05-01,Ancash,251.47359148
2006-05-01,Apurimac,20.42592901
2006-05-01,Arequipa,61.21836918
2006-05-01,Ayacucho,0.4187429
2006-05-01,Cajamarca,195.6835174
2006-05-01,Callao,131.34529083
2006-05-01,Cusco,68.15175255
2006-05-01,Huancavelica,2.85578532
2006-05-01,Huanuco,0.391288
2006-05-01,Ica,105.24784461
2006-05-01,Junin,106.83468301
2006-05-01,La Libertad,54.6627888700001
2006-05-01,Lambayeque,14.51037701
2006-05-01,Lima,475.784280540073
2006-05-01,Loreto,14.17767158
2006-05-01,Madre De Dios,0.23277783
2006-05-01,Moquegua,249.8599957
2006-05-01,Pasco,43.15219544
2006-05-01,Piura,73.61515439
2006-05-01,Puno,10.12182497
2006-05-01,San Martin,1.84953215
2006-05-01,Tacna,52.5211793599999
2006-05-01,Tumbes,6.4096109
2006-05-01,Ucayali,3.3471118
2006-05-01,No Registrado,0
2006-05-01,Total,1944.42194844007
2006-06-01,Amazonas,0.29036697
2006-06-01,Ancash,319.7345525
2006-06-01,Apurimac,0.04634185
2006-06-01,Arequipa,82.49746854
2006-06-01,Ayacucho,1.02501273
2006-06-01,Cajamarca,161.882727
2006-06-01,Callao,127.84719298
2006-06-01,Cusco,51.15704576
2006-06-01,Huancavelica,1.22691467
2006-06-01,Huanuco,4.81351585
2006-06-01,Ica,115.68872934
2006-06-01,Junin,101.35304876
2006-06-01,La Libertad,84.0696724800001
2006-06-01,Lambayeque,14.75577765
2006-06-01,Lima,500.34285412999907
2006-06-01,Loreto,3.10705676
2006-06-01,Madre De Dios,0.30618861000000003
2006-06-01,Moquegua,198.14628539
2006-06-01,Pasco,80.65087409
2006-06-01,Piura,132.77326629
2006-06-01,Puno,8.22363648000001
2006-06-01,San Martin,5.67364555
2006-06-01,Tacna,40.59831069
2006-06-01,Tumbes,4.324172
2006-06-01,Ucayali,2.37922627
2006-06-01,No Registrado,0.0893156554748202
2006-06-01,Total,2043.00319899547
2006-07-01,Amazonas,0.53958846
2006-07-01,Ancash,389.89450715
2006-07-01,Apurimac,20.21498303
2006-07-01,Arequipa,77.06899463
2006-07-01,Ayacucho,0.75875861
2006-07-01,Cajamarca,129.01624038
2006-07-01,Callao,166.36926215
2006-07-01,Cusco,81.54268426
2006-07-01,Huancavelica,2.57902476
2006-07-01,Huanuco,3.05673088
2006-07-01,Ica,165.16383718
2006-07-01,Junin,123.57959122
2006-07-01,La Libertad,122.78271473
2006-07-01,Lambayeque,19.99122496
2006-07-01,Lima,541.886749826991
2006-07-01,Loreto,10.17884172
2006-07-01,Madre De Dios,1.04965883
2006-07-01,Moquegua,250.2734087
2006-07-01,Pasco,69.69778468
2006-07-01,Piura,131.04772309
2006-07-01,Puno,11.88731401
2006-07-01,San Martin,4.36113896
2006-07-01,Tacna,32.6398228600001
2006-07-01,Tumbes,4.54204714
2006-07-01,Ucayali,3.18857564
2006-07-01,No Registrado,0
2006-07-01,Total,2363.31120785699
2006-08-01,Amazonas,0.60863312
2006-08-01,Ancash,411.06446934
2006-08-01,Apurimac,0
2006-08-01,Arequipa,22.06972473
2006-08-01,Ayacucho,3.05357965
2006-08-01,Cajamarca,110.62871244
2006-08-01,Callao,119.10652733
2006-08-01,Cusco,49.30219234
2006-08-01,Huancavelica,4.72478876
2006-08-01,Huanuco,6.19126029
2006-08-01,Ica,125.60597747
2006-08-01,Junin,118.3243488
2006-08-01,La Libertad,102.44387361
2006-08-01,Lambayeque,19.28761915
2006-08-01,Lima,527.285392439999
2006-08-01,Loreto,9.60740502
2006-08-01,Madre De Dios,0.74715623
2006-08-01,Moquegua,161.43755326
2006-08-01,Pasco,76.9971253200001
2006-08-01,Piura,93.8563767100001
2006-08-01,Puno,12.02848125
2006-08-01,San Martin,9.14994256
2006-08-01,Tacna,25.58457212
2006-08-01,Tumbes,4.83013647
2006-08-01,Ucayali,4.40307192
2006-08-01,No Registrado,0.300453060728614
2006-08-01,Total,2018.63937339073
2006-09-01,Amazonas,0.58635384
2006-09-01,Ancash,279.95016267
2006-09-01,Apurimac,0
2006-09-01,Arequipa,141.41883863
2006-09-01,Ayacucho,3.20169097
2006-09-01,Cajamarca,146.76464591
2006-09-01,Callao,120.82643426
2006-09-01,Cusco,73.6461951300001
2006-09-01,Huancavelica,0.69752707
2006-09-01,Huanuco,3.83562288
2006-09-01,Ica,113.75413585
2006-09-01,Junin,99.26650274
2006-09-01,La Libertad,120.70248405
2006-09-01,Lambayeque,23.925463
2006-09-01,Lima,456.37142440999907
2006-09-01,Loreto,3.53649479
2006-09-01,Madre De Dios,0.63461616
2006-09-01,Moquegua,319.73054834
2006-09-01,Pasco,68.93889194
2006-09-01,Piura,102.24677829
2006-09-01,Puno,9.94735083
2006-09-01,San Martin,12.47871895
2006-09-01,Tacna,55.7909030199999
2006-09-01,Tumbes,4.32315
2006-09-01,Ucayali,3.12359861
2006-09-01,No Registrado,2.40531944899885
2006-09-01,Total,2168.103851789
2006-10-01,Amazonas,0.85520271
2006-10-01,Ancash,311.14202443
2006-10-01,Apurimac,23.93728782
2006-10-01,Arequipa,88.99311783
2006-10-01,Ayacucho,0.15129413
2006-10-01,Cajamarca,104.78250172
2006-10-01,Callao,117.28105898
2006-10-01,Cusco,51.07822253
2006-10-01,Huancavelica,7.70790631
2006-10-01,Huanuco,6.22181376
2006-10-01,Ica,155.09940168
2006-10-01,Junin,154.68650376
2006-10-01,La Libertad,77.7382546799999
2006-10-01,Lambayeque,25.93941374
2006-10-01,Lima,573.13678516
2006-10-01,Loreto,6.43712792
2006-10-01,Madre De Dios,0.68552551
2006-10-01,Moquegua,155.72944921
2006-10-01,Pasco,66.82153551
2006-10-01,Piura,85.54350463
2006-10-01,Puno,15.59459852
2006-10-01,San Martin,6.68152589
2006-10-01,Tacna,19.3032084499999
2006-10-01,Tumbes,4.83627146
2006-10-01,Ucayali,3.93529883
2006-10-01,No Registrado,6.22096725518259
2006-10-01,Total,2070.53980242518
2006-11-01,Amazonas,0.55287018
2006-11-01,Ancash,346.40328856
2006-11-01,Apurimac,0
2006-11-01,Arequipa,70.4171998
2006-11-01,Ayacucho,0.27797295
2006-11-01,Cajamarca,115.36723345
2006-11-01,Callao,122.64626324
2006-11-01,Cusco,49.34159547
2006-11-01,Huancavelica,8.69855339
2006-11-01,Huanuco,6.60678103
2006-11-01,Ica,136.94589442
2006-11-01,Junin,109.38798317
2006-11-01,La Libertad,123.30340664
2006-11-01,Lambayeque,25.81939235
2006-11-01,Lima,592.134697029999
2006-11-01,Loreto,11.3943867
2006-11-01,Madre De Dios,0.91604061
2006-11-01,Moquegua,252.50771858
2006-11-01,Pasco,72.13460917
2006-11-01,Piura,54.01844575
2006-11-01,Puno,12.24973474
2006-11-01,San Martin,7.44816141
2006-11-01,Tacna,58.0997209100002
2006-11-01,Tumbes,4.6515117
2006-11-01,Ucayali,3.34286933
2006-11-01,No Registrado,6.68835867379266
2006-11-01,Total,2191.35468925379
2006-12-01,Amazonas,0.80297878
2006-12-01,Ancash,397.05328692
2006-12-01,Apurimac,20.03656296
2006-12-01,Arequipa,71.8056355
2006-12-01,Ayacucho,3.18728443
2006-12-01,Cajamarca,110.47404194
2006-12-01,Callao,189.66257715
2006-12-01,Cusco,88.0906787099999
2006-12-01,Huancavelica,3.34731805
2006-12-01,Huanuco,10.44394403
2006-12-01,Ica,159.13762851
2006-12-01,Junin,115.64508821
2006-12-01,La Libertad,114.38628203
2006-12-01,Lambayeque,22.17672901
2006-12-01,Lima,612.997853239967
2006-12-01,Loreto,5.30535376
2006-12-01,Madre De Dios,0.40288942
2006-12-01,Moquegua,261.05464532
2006-12-01,Pasco,182.29698587
2006-12-01,Piura,138.82782098
2006-12-01,Puno,12.52265327
2006-12-01,San Martin,8.389718
2006-12-01,Tacna,35.0782404999999
2006-12-01,Tumbes,4.51576645
2006-12-01,Ucayali,3.27915247
2006-12-01,No Registrado,13.3973639727615
2006-12-01,Total,2584.31847948273
2007-01-01,Amazonas,0.39282937
2007-01-01,Ancash,194.59819861
2007-01-01,Apurimac,0
2007-01-01,Arequipa,89.47248787
2007-01-01,Ayacucho,4.32010119
2007-01-01,Cajamarca,77.61029758
2007-01-01,Callao,94.6422081199999
2007-01-01,Cusco,21.08128148
2007-01-01,Huancavelica,6.08420734
2007-01-01,Huanuco,0.11236175
2007-01-01,Ica,158.15019123
2007-01-01,Junin,119.23246469
2007-01-01,La Libertad,97.8513637600002
2007-01-01,Lambayeque,13.42490941
2007-01-01,Lima,503.987633609997
2007-01-01,Loreto,4.1520372
2007-01-01,Madre De Dios,0.46978517
2007-01-01,Moquegua,116.23820605
2007-01-01,Pasco,31.5198983
2007-01-01,Piura,135.79356866
2007-01-01,Puno,11.36516291
2007-01-01,San Martin,4.12921807
2007-01-01,Tacna,55.2940709100001
2007-01-01,Tumbes,3.92047782
2007-01-01,Ucayali,2.36314117
2007-01-01,No Registrado,1.27670653665359
2007-01-01,Total,1747.48280880665
2007-02-01,Amazonas,0
2007-02-01,Ancash,296.85394256
2007-02-01,Apurimac,0.0182121
2007-02-01,Arequipa,109.02027524
2007-02-01,Ayacucho,7.53035186
2007-02-01,Cajamarca,83.99225691
2007-02-01,Callao,142.40607883
2007-02-01,Cusco,19.40837771
2007-02-01,Huancavelica,1.55452395
2007-02-01,Huanuco,0.33256
2007-02-01,Ica,103.2701794
2007-02-01,Junin,107.29255168
2007-02-01,La Libertad,98.3598029600002
2007-02-01,Lambayeque,8.55629169
2007-02-01,Lima,504.128710770001
2007-02-01,Loreto,7.098636
2007-02-01,Madre De Dios,0.10386955
2007-02-01,Moquegua,117.68560858
2007-02-01,Pasco,72.62114102
2007-02-01,Piura,125.67552697
2007-02-01,Puno,12.93539942
2007-02-01,San Martin,10.35522018
2007-02-01,Tacna,69.3265302699999
2007-02-01,Tumbes,4.24106856
2007-02-01,Ucayali,3.04664982
2007-02-01,No Registrado,1.94301119200895
2007-02-01,Total,1907.75677722201
2007-03-01,Amazonas,0.01946
2007-03-01,Ancash,335.46182629
2007-03-01,Apurimac,0.29445
2007-03-01,Arequipa,160.83565215
2007-03-01,Ayacucho,0.1458
2007-03-01,Cajamarca,124.15768915
2007-03-01,Callao,122.08957253
2007-03-01,Cusco,20.51165812
2007-03-01,Huancavelica,8.33728511
2007-03-01,Huanuco,5.87495863
2007-03-01,Ica,114.97150457
2007-03-01,Junin,126.47792717
2007-03-01,La Libertad,126.58280095
2007-03-01,Lambayeque,7.49521641
2007-03-01,Lima,521.179296099996
2007-03-01,Loreto,4.16680794
2007-03-01,Madre De Dios,1.5105402000000001
2007-03-01,Moquegua,100.42950344
2007-03-01,Pasco,66.21076013
2007-03-01,Piura,96.2525312600001
2007-03-01,Puno,9.39139608
2007-03-01,San Martin,3.55863353
2007-03-01,Tacna,101.31508924
2007-03-01,Tumbes,5.49994624
2007-03-01,Ucayali,2.90783615
2007-03-01,No Registrado,33.8630556781914
2007-03-01,Total,2099.5411970681894
2007-04-01,Amazonas,0.05668547
2007-04-01,Ancash,279.70615587
2007-04-01,Apurimac,0
2007-04-01,Arequipa,142.22511298
2007-04-01,Ayacucho,4.20648478
2007-04-01,Cajamarca,61.7068094
2007-04-01,Callao,148.69653437
2007-04-01,Cusco,51.61243039
2007-04-01,Huancavelica,1.1967383
2007-04-01,Huanuco,0.24223205
2007-04-01,Ica,122.83401103
2007-04-01,Junin,128.6703672
2007-04-01,La Libertad,94.77514753
2007-04-01,Lambayeque,5.74276323
2007-04-01,Lima,577.695348029998
2007-04-01,Loreto,4.48150452
2007-04-01,Madre De Dios,0.17654902
2007-04-01,Moquegua,224.8913696
2007-04-01,Pasco,96.90489735
2007-04-01,Piura,96.6112553
2007-04-01,Puno,11.65002757
2007-04-01,San Martin,1.10455785
2007-04-01,Tacna,56.4273057100001
2007-04-01,Tumbes,4.79697823
2007-04-01,Ucayali,2.87102204
2007-04-01,No Registrado,0.467575316255079
2007-04-01,Total,2119.74986313625
2007-05-01,Amazonas,0.33301244
2007-05-01,Ancash,352.90322308
2007-05-01,Apurimac,0
2007-05-01,Arequipa,111.95013126
2007-05-01,Ayacucho,3.78239779
2007-05-01,Cajamarca,74.21931387
2007-05-01,Callao,157.10612478
2007-05-01,Cusco,64.77134271
2007-05-01,Huancavelica,13.77854094
2007-05-01,Huanuco,3.95026439
2007-05-01,Ica,141.95408294
2007-05-01,Junin,133.15352977
2007-05-01,La Libertad,138.87380186
2007-05-01,Lambayeque,10.30867935
2007-05-01,Lima,508.482312910004
2007-05-01,Loreto,9.38720385999999
2007-05-01,Madre De Dios,0.44178604
2007-05-01,Moquegua,182.94121364
2007-05-01,Pasco,67.88660903
2007-05-01,Piura,101.40548207
2007-05-01,Puno,18.02219215
2007-05-01,San Martin,3.74257542
2007-05-01,Tacna,37.4437298199999
2007-05-01,Tumbes,5.13973471
2007-05-01,Ucayali,2.10385003
2007-05-01,No Registrado,0.482160624488642
2007-05-01,Total,2144.56329548449
2007-06-01,Amazonas,0
2007-06-01,Ancash,301.33837724
2007-06-01,Apurimac,0.001865
2007-06-01,Arequipa,234.08062865
2007-06-01,Ayacucho,0.58462672
2007-06-01,Cajamarca,77.80202555
2007-06-01,Callao,158.69124416
2007-06-01,Cusco,67.6405442
2007-06-01,Huancavelica,10.8022015
2007-06-01,Huanuco,6.64956334
2007-06-01,Ica,138.08764728
2007-06-01,Junin,130.20175678
2007-06-01,La Libertad,101.25544352
2007-06-01,Lambayeque,10.22942959
2007-06-01,Lima,638.645668329993
2007-06-01,Loreto,12.06869406
2007-06-01,Madre De Dios,0.54541745
2007-06-01,Moquegua,284.58210507
2007-06-01,Pasco,106.37463208
2007-06-01,Piura,112.03082796
2007-06-01,Puno,10.03067927
2007-06-01,San Martin,3.65447309
2007-06-01,Tacna,42.76356478
2007-06-01,Tumbes,3.99481815
2007-06-01,Ucayali,2.73742261
2007-06-01,No Registrado,0.9000479110595732
2007-06-01,Total,2455.69370429105
2007-07-01,Amazonas,0.23970195
2007-07-01,Ancash,417.81737576
2007-07-01,Apurimac,0.0126
2007-07-01,Arequipa,224.27810437
2007-07-01,Ayacucho,1.49368064
2007-07-01,Cajamarca,59.21092406
2007-07-01,Callao,200.3883893
2007-07-01,Cusco,52.1745882
2007-07-01,Huancavelica,5.72099113
2007-07-01,Huanuco,3.33367756
2007-07-01,Ica,205.74803327
2007-07-01,Junin,173.4217817
2007-07-01,La Libertad,79.0582984100001
2007-07-01,Lambayeque,18.94747953
2007-07-01,Lima,769.511136349995
2007-07-01,Loreto,7.59620549
2007-07-01,Madre De Dios,0.7932721
2007-07-01,Moquegua,195.39917397
2007-07-01,Pasco,65.24488292
2007-07-01,Piura,134.02426288
2007-07-01,Puno,13.25536388
2007-07-01,San Martin,27.89659638
2007-07-01,Tacna,48.26447949
2007-07-01,Tumbes,5.20941045
2007-07-01,Ucayali,2.98231042
2007-07-01,No Registrado,0.273749054489599
2007-07-01,Total,2712.29646926448
2007-08-01,Amazonas,1.15308301
2007-08-01,Ancash,437.04934156
2007-08-01,Apurimac,0
2007-08-01,Arequipa,162.98160063
2007-08-01,Ayacucho,6.37828717
2007-08-01,Cajamarca,97.9984492
2007-08-01,Callao,158.592246870001
2007-08-01,Cusco,56.48395815
2007-08-01,Huancavelica,12.32572564
2007-08-01,Huanuco,7.72592556
2007-08-01,Ica,127.06597146
2007-08-01,Junin,128.02337761
2007-08-01,La Libertad,113.22943148
2007-08-01,Lambayeque,28.60872969
2007-08-01,Lima,560.028358739998
2007-08-01,Loreto,6.56608755
2007-08-01,Madre De Dios,0.92855748
2007-08-01,Moquegua,155.25210758
2007-08-01,Pasco,63.74087778
2007-08-01,Piura,126.40035451
2007-08-01,Puno,10.78966751
2007-08-01,San Martin,11.02521124
2007-08-01,Tacna,94.8319115899999
2007-08-01,Tumbes,3.47214787
2007-08-01,Ucayali,2.67296645
2007-08-01,No Registrado,0.657629904593705
2007-08-01,Total,2373.98200623459
2007-09-01,Amazonas,0.63385046
2007-09-01,Ancash,301.56969695
2007-09-01,Apurimac,0
2007-09-01,Arequipa,241.67375429
2007-09-01,Ayacucho,7.39214505
2007-09-01,Cajamarca,109.97968297
2007-09-01,Callao,143.46870103
2007-09-01,Cusco,11.81562626
2007-09-01,Huancavelica,3.24357888
2007-09-01,Huanuco,1.7955525
2007-09-01,Ica,138.94616179
2007-09-01,Junin,133.78205759
2007-09-01,La Libertad,141.22886614
2007-09-01,Lambayeque,25.65691426
2007-09-01,Lima,640.731645420004
2007-09-01,Loreto,6.22739804
2007-09-01,Madre De Dios,0.95651331
2007-09-01,Moquegua,285.6472561
2007-09-01,Pasco,79.86289669
2007-09-01,Piura,143.46784851
2007-09-01,Puno,13.24093063
2007-09-01,San Martin,9.96130471
2007-09-01,Tacna,105.44861831
2007-09-01,Tumbes,3.85657003
2007-09-01,Ucayali,2.44760498
2007-09-01,No Registrado,0.665267783048421
2007-09-01,Total,2553.70044268305
2007-10-01,Amazonas,0.44495738
2007-10-01,Ancash,412.78427576
2007-10-01,Apurimac,0.01716488
2007-10-01,Arequipa,143.65377644
2007-10-01,Ayacucho,2.42650592
2007-10-01,Cajamarca,80.78224793
2007-10-01,Callao,183.95391908
2007-10-01,Cusco,111.71528593
2007-10-01,Huancavelica,12.53755301
2007-10-01,Huanuco,5.81995405
2007-10-01,Ica,188.98994188
2007-10-01,Junin,153.35904971
2007-10-01,La Libertad,111.08243856
2007-10-01,Lambayeque,20.62296468
2007-10-01,Lima,777.317460029993
2007-10-01,Loreto,9.00942442
2007-10-01,Madre De Dios,0.71102883
2007-10-01,Moquegua,164.04518475
2007-10-01,Pasco,72.37572502
2007-10-01,Piura,139.08755811
2007-10-01,Puno,14.41157541
2007-10-01,San Martin,7.99056487
2007-10-01,Tacna,47.2735749599999
2007-10-01,Tumbes,3.67142447
2007-10-01,Ucayali,2.83993542
2007-10-01,No Registrado,1.0350293611732
2007-10-01,Total,2667.95852086117
2007-11-01,Amazonas,1.20176221
2007-11-01,Ancash,296.16865031
2007-11-01,Apurimac,4.75530942
2007-11-01,Arequipa,245.35354309
2007-11-01,Ayacucho,6.00916309
2007-11-01,Cajamarca,148.36307567
2007-11-01,Callao,173.55296113
2007-11-01,Cusco,43.77179075
2007-11-01,Huancavelica,12.42995651
2007-11-01,Huanuco,1.31466581
2007-11-01,Ica,155.99259406
2007-11-01,Junin,88.72358616
2007-11-01,La Libertad,97.21445897
2007-11-01,Lambayeque,19.19757037
2007-11-01,Lima,567.809555659997
2007-11-01,Loreto,5.57843802000001
2007-11-01,Madre De Dios,0.52289973
2007-11-01,Moquegua,276.17217842
2007-11-01,Pasco,22.28388402
2007-11-01,Piura,104.894230570001
2007-11-01,Puno,9.30039464999999
2007-11-01,San Martin,9.14899185
2007-11-01,Tacna,60.6052359299999
2007-11-01,Tumbes,4.61092011
2007-11-01,Ucayali,1.88144198
2007-11-01,No Registrado,1.1731520362996
2007-11-01,Total,2358.0304105263
2007-12-01,Amazonas,7.61571129
2007-12-01,Ancash,381.4549818
2007-12-01,Apurimac,2.99641508
2007-12-01,Arequipa,189.30909933
2007-12-01,Ayacucho,3.13136542
2007-12-01,Cajamarca,176.06470159
2007-12-01,Callao,208.71932514
2007-12-01,Cusco,26.03361432
2007-12-01,Huancavelica,22.02236224
2007-12-01,Huanuco,4.82944994
2007-12-01,Ica,206.232556459999
2007-12-01,Junin,156.99701391
2007-12-01,La Libertad,176.9763132
2007-12-01,Lambayeque,29.34826203
2007-12-01,Lima,803.142544930001
2007-12-01,Loreto,13.19974401
2007-12-01,Madre De Dios,0.80160903
2007-12-01,Moquegua,229.53615753
2007-12-01,Pasco,58.85684341
2007-12-01,Piura,173.98232564
2007-12-01,Puno,12.14176465
2007-12-01,San Martin,4.36557859
2007-12-01,Tacna,54.01380384
2007-12-01,Tumbes,7.00156698
2007-12-01,Ucayali,3.86500641
2007-12-01,No Registrado,0.625514555786594
2007-12-01,Total,2953.26363132579
2008-01-01,Amazonas,0.36910311
2008-01-01,Ancash,307.93791324
2008-01-01,Apurimac,0
2008-01-01,Arequipa,146.81941095
2008-01-01,Ayacucho,11.53223114
2008-01-01,Cajamarca,102.72937675
2008-01-01,Callao,240.59741817
2008-01-01,Cusco,75.0471633100001
2008-01-01,Huancavelica,9.01214366
2008-01-01,Huanuco,0.71885426
2008-01-01,Ica,203.841477239999
2008-01-01,Junin,128.44501425
2008-01-01,La Libertad,130.68263331
2008-01-01,Lambayeque,12.36676437
2008-01-01,Lima,697.618447509997
2008-01-01,Loreto,9.62238308
2008-01-01,Madre De Dios,0.64686815
2008-01-01,Moquegua,174.04167824
2008-01-01,Pasco,35.97930183
2008-01-01,Piura,165.262249030001
2008-01-01,Puno,13.88206863
2008-01-01,San Martin,1.87413093
2008-01-01,Tacna,69.4112880699998
2008-01-01,Tumbes,6.92523041
2008-01-01,Ucayali,4.90357771
2008-01-01,No Registrado,1.57318714136045
2008-01-01,Total,2551.83991449136
2008-02-01,Amazonas,0.25675187
2008-02-01,Ancash,245.32834129
2008-02-01,Apurimac,4.88398578
2008-02-01,Arequipa,198.16230494
2008-02-01,Ayacucho,5.74099131
2008-02-01,Cajamarca,216.05424531
2008-02-01,Callao,200.336146770001
2008-02-01,Cusco,43.54908568
2008-02-01,Huancavelica,2.5267674
2008-02-01,Huanuco,6.67688118
2008-02-01,Ica,146.13201093
2008-02-01,Junin,112.1631773
2008-02-01,La Libertad,150.68712791
2008-02-01,Lambayeque,12.25613326
2008-02-01,Lima,598.738064279998
2008-02-01,Loreto,5.45627314999999
2008-02-01,Madre De Dios,0.71031099
2008-02-01,Moquegua,226.44587748
2008-02-01,Pasco,59.97108197
2008-02-01,Piura,159.330193040001
2008-02-01,Puno,14.44494704
2008-02-01,San Martin,1.28731339
2008-02-01,Tacna,63.1784348399999
2008-02-01,Tumbes,3.81925349
2008-02-01,Ucayali,3.52657406
2008-02-01,No Registrado,1.39057180799091
2008-02-01,Total,2483.05284646799
2008-03-01,Amazonas,0.0437628
2008-03-01,Ancash,381.45946273
2008-03-01,Apurimac,3.7012095
2008-03-01,Arequipa,264.44110924
2008-03-01,Ayacucho,2.52464828
2008-03-01,Cajamarca,166.87348731
2008-03-01,Callao,180.182865900001
2008-03-01,Cusco,48.87334845
2008-03-01,Huancavelica,14.05886764
2008-03-01,Huanuco,0.54222379
2008-03-01,Ica,164.18918964
2008-03-01,Junin,150.08044184
2008-03-01,La Libertad,161.02831742
2008-03-01,Lambayeque,8.61996376999999
2008-03-01,Lima,675.233353429994
2008-03-01,Loreto,5.78044336
2008-03-01,Madre De Dios,0.70201156
2008-03-01,Moquegua,244.21502392
2008-03-01,Pasco,55.43248798
2008-03-01,Piura,182.21706282
2008-03-01,Puno,13.20804758
2008-03-01,San Martin,1.39373998
2008-03-01,Tacna,30.59369348
2008-03-01,Tumbes,7.65828444
2008-03-01,Ucayali,5.160504
2008-03-01,No Registrado,0.764973010665472
2008-03-01,Total,2768.97852387066
2008-04-01,Amazonas,0.04936146
2008-04-01,Ancash,458.41319773
2008-04-01,Apurimac,3.94769796
2008-04-01,Arequipa,176.96015809
2008-04-01,Ayacucho,5.69295348
2008-04-01,Cajamarca,81.47612805
2008-04-01,Callao,165.84402197
2008-04-01,Cusco,47.85775999
2008-04-01,Huancavelica,28.16583164
2008-04-01,Huanuco,2.98450871
2008-04-01,Ica,175.00987258
2008-04-01,Junin,112.61743918
2008-04-01,La Libertad,128.37861122
2008-04-01,Lambayeque,7.28479912
2008-04-01,Lima,728.428706579993
2008-04-01,Loreto,15.24265584
2008-04-01,Madre De Dios,0.49088957
2008-04-01,Moquegua,236.6204464
2008-04-01,Pasco,57.56231815
2008-04-01,Piura,160.51881839
2008-04-01,Puno,28.79062795
2008-04-01,San Martin,0.92084643
2008-04-01,Tacna,57.5720200100001
2008-04-01,Tumbes,6.64464898
2008-04-01,Ucayali,3.61384833
2008-04-01,No Registrado,1.16127423263288
2008-04-01,Total,2692.24944204263
2008-05-01,Amazonas,0.13859248
2008-05-01,Ancash,500.14172186
2008-05-01,Apurimac,0.0690629
2008-05-01,Arequipa,252.53213446
2008-05-01,Ayacucho,3.1269855
2008-05-01,Cajamarca,175.45575897
2008-05-01,Callao,219.0419249
2008-05-01,Cusco,44.74558924
2008-05-01,Huancavelica,1.88409795
2008-05-01,Huanuco,4.02523099
2008-05-01,Ica,167.0319503
2008-05-01,Junin,129.82598503
2008-05-01,La Libertad,141.03133802
2008-05-01,Lambayeque,10.81100831
2008-05-01,Lima,755.7434244400009
2008-05-01,Loreto,8.37956922
2008-05-01,Madre De Dios,0.57909885
2008-05-01,Moquegua,238.86080676
2008-05-01,Pasco,22.54434436
2008-05-01,Piura,122.87606661
2008-05-01,Puno,13.82773012
2008-05-01,San Martin,4.34760131
2008-05-01,Tacna,49.2917898399999
2008-05-01,Tumbes,6.0083238
2008-05-01,Ucayali,5.69159222
2008-05-01,No Registrado,1.36293411928273
2008-05-01,Total,2879.37466255928
2008-06-01,Amazonas,0.16004349
2008-06-01,Ancash,416.43219821
2008-06-01,Apurimac,8.39238523
2008-06-01,Arequipa,194.42868483
2008-06-01,Ayacucho,2.18612979
2008-06-01,Cajamarca,169.87701914
2008-06-01,Callao,271.291123170001
2008-06-01,Cusco,27.19880018
2008-06-01,Huancavelica,0.62876391
2008-06-01,Huanuco,1.45388476
2008-06-01,Ica,213.192632449999
2008-06-01,Junin,121.11433764
2008-06-01,La Libertad,136.15407676
2008-06-01,Lambayeque,17.20710205
2008-06-01,Lima,742.03702766999
2008-06-01,Loreto,6.03209482
2008-06-01,Madre De Dios,0.61748297
2008-06-01,Moquegua,184.75825456
2008-06-01,Pasco,32.40229852
2008-06-01,Piura,192.38618258
2008-06-01,Puno,16.96960995
2008-06-01,San Martin,3.53340378
2008-06-01,Tacna,38.81003181
2008-06-01,Tumbes,10.20761078
2008-06-01,Ucayali,3.86585208
2008-06-01,No Registrado,1.35980323726562
2008-06-01,Total,2812.69683436726
2008-07-01,Amazonas,0.26300466
2008-07-01,Ancash,462.60917437
2008-07-01,Apurimac,11.34585224
2008-07-01,Arequipa,221.14059544
2008-07-01,Ayacucho,14.40815512
2008-07-01,Cajamarca,154.3320392
2008-07-01,Callao,260.859526810001
2008-07-01,Cusco,20.76837976
2008-07-01,Huancavelica,36.21685317
2008-07-01,Huanuco,6.64359643
2008-07-01,Ica,185.85677309
2008-07-01,Junin,155.40836339
2008-07-01,La Libertad,130.90051291
2008-07-01,Lambayeque,25.26560726
2008-07-01,Lima,795.066022810003
2008-07-01,Loreto,8.26823049
2008-07-01,Madre De Dios,0.81383159
2008-07-01,Moquegua,211.13559718
2008-07-01,Pasco,53.3639822
2008-07-01,Piura,168.59782813
2008-07-01,Puno,17.00965732
2008-07-01,San Martin,3.87453566
2008-07-01,Tacna,54.0258573099999
2008-07-01,Tumbes,10.32661152
2008-07-01,Ucayali,3.40115587
2008-07-01,No Registrado,0.673277218658768
2008-07-01,Total,3012.57502114866
2008-08-01,Amazonas,1.51221452
2008-08-01,Ancash,330.86717059
2008-08-01,Apurimac,3.17455485
2008-08-01,Arequipa,266.24516759
2008-08-01,Ayacucho,3.75301989
2008-08-01,Cajamarca,138.66024975
2008-08-01,Callao,256.47385336
2008-08-01,Cusco,31.91327754
2008-08-01,Huancavelica,3.93135959
2008-08-01,Huanuco,4.20226778
2008-08-01,Ica,235.197700189999
2008-08-01,Junin,141.74897857
2008-08-01,La Libertad,180.73524784
2008-08-01,Lambayeque,34.20326215
2008-08-01,Lima,730.899835699997
2008-08-01,Loreto,10.87145762
2008-08-01,Madre De Dios,1.09291112
2008-08-01,Moquegua,171.34442007
2008-08-01,Pasco,36.57416616
2008-08-01,Piura,198.60464017
2008-08-01,Puno,12.90375533
2008-08-01,San Martin,8.10680234
2008-08-01,Tacna,60.0439457000001
2008-08-01,Tumbes,7.57392815
2008-08-01,Ucayali,3.87183967
2008-08-01,No Registrado,0.666820365040167
2008-08-01,Total,2875.17284660504
2008-09-01,Amazonas,1.76196543
2008-09-01,Ancash,275.162032
2008-09-01,Apurimac,5.54769703
2008-09-01,Arequipa,255.44538544
2008-09-01,Ayacucho,12.13637776
2008-09-01,Cajamarca,157.43558929
2008-09-01,Callao,186.70191567
2008-09-01,Cusco,88.96496051
2008-09-01,Huancavelica,13.83918789
2008-09-01,Huanuco,5.93860173
2008-09-01,Ica,189.75690783
2008-09-01,Junin,139.20953369
2008-09-01,La Libertad,188.55573827
2008-09-01,Lambayeque,22.53575023
2008-09-01,Lima,715.493623389996
2008-09-01,Loreto,5.59187964
2008-09-01,Madre De Dios,1.84099931
2008-09-01,Moquegua,113.56675489
2008-09-01,Pasco,66.10923792
2008-09-01,Piura,105.2493999
2008-09-01,Puno,20.03311157
2008-09-01,San Martin,6.36762786
2008-09-01,Tacna,26.80839894
2008-09-01,Tumbes,7.29599577
2008-09-01,Ucayali,4.43399916
2008-09-01,No Registrado,0.48101452697847
2008-09-01,Total,2616.26368564698
2008-10-01,Amazonas,1.49837856
2008-10-01,Ancash,236.27113006
2008-10-01,Apurimac,0
2008-10-01,Arequipa,159.77305859
2008-10-01,Ayacucho,5.51565787
2008-10-01,Cajamarca,130.3754717
2008-10-01,Callao,139.66170722
2008-10-01,Cusco,21.27425335
2008-10-01,Huancavelica,3.09051161
2008-10-01,Huanuco,3.44125946
2008-10-01,Ica,204.48571173
2008-10-01,Junin,102.72075797
2008-10-01,La Libertad,175.544904730001
2008-10-01,Lambayeque,28.85365719
2008-10-01,Lima,692.795221299998
2008-10-01,Loreto,5.00623411
2008-10-01,Madre De Dios,2.68495286
2008-10-01,Moquegua,129.73148678
2008-10-01,Pasco,49.40055974
2008-10-01,Piura,131.24194865
2008-10-01,Puno,19.75630562
2008-10-01,San Martin,12.7869076
2008-10-01,Tacna,27.00621196
2008-10-01,Tumbes,4.91836108
2008-10-01,Ucayali,6.40254159
2008-10-01,No Registrado,0.522628521830939
2008-10-01,Total,2294.75981985183
2008-11-01,Amazonas,1.47402489
2008-11-01,Ancash,172.47452531
2008-11-01,Apurimac,5.4520599
2008-11-01,Arequipa,157.51603553
2008-11-01,Ayacucho,3.53758437
2008-11-01,Cajamarca,81.26575621
2008-11-01,Callao,145.960292520001
2008-11-01,Cusco,43.6185499
2008-11-01,Huancavelica,6.98087274
2008-11-01,Huanuco,4.09654304
2008-11-01,Ica,190.73424718
2008-11-01,Junin,84.769908
2008-11-01,La Libertad,169.26157851
2008-11-01,Lambayeque,21.1203451
2008-11-01,Lima,672.753892069999
2008-11-01,Loreto,3.47356855
2008-11-01,Madre De Dios,2.83875159
2008-11-01,Moquegua,127.0737682
2008-11-01,Pasco,38.51716853
2008-11-01,Piura,79.7920484000001
2008-11-01,Puno,19.16705596
2008-11-01,San Martin,10.75997788
2008-11-01,Tacna,13.87314513
2008-11-01,Tumbes,7.3102761
2008-11-01,Ucayali,2.89199692
2008-11-01,No Registrado,0.514403774078346
2008-11-01,Total,2067.22837630408
2008-12-01,Amazonas,0.42152853
2008-12-01,Ancash,188.38519961
2008-12-01,Apurimac,12.93018962
2008-12-01,Arequipa,142.44801844
2008-12-01,Ayacucho,1.00888751
2008-12-01,Cajamarca,115.69754234
2008-12-01,Callao,106.05615391
2008-12-01,Cusco,26.22190701
2008-12-01,Huancavelica,2.75690273
2008-12-01,Huanuco,6.98145541
2008-12-01,Ica,173.48686124
2008-12-01,Junin,95.11632337
2008-12-01,La Libertad,162.652382900001
2008-12-01,Lambayeque,14.72473892
2008-12-01,Lima,638.872830619994
2008-12-01,Loreto,7.62488479
2008-12-01,Madre De Dios,3.51092901
2008-12-01,Moquegua,105.78128204
2008-12-01,Pasco,34.74177359
2008-12-01,Piura,74.9833493000001
2008-12-01,Puno,16.82692123
2008-12-01,San Martin,5.71943436
2008-12-01,Tacna,16.86028042
2008-12-01,Tumbes,6.50156521
2008-12-01,Ucayali,3.58085825
2008-12-01,No Registrado,0.395450399299989
2008-12-01,Total,1964.28765075929
2009-01-01,Amazonas,0.51139928
2009-01-01,Ancash,168.47332154
2009-01-01,Apurimac,0.0639375
2009-01-01,Arequipa,81.67119613
2009-01-01,Ayacucho,1.08189298
2009-01-01,Cajamarca,126.62079567
2009-01-01,Callao,96.3426638500001
2009-01-01,Cusco,22.02206249
2009-01-01,Huancavelica,0.68704547
2009-01-01,Huanuco,1.30341918
2009-01-01,Ica,180.67548007
2009-01-01,Junin,74.48418098
2009-01-01,La Libertad,125.8392876
2009-01-01,Lambayeque,9.74300699
2009-01-01,Lima,492.599403189997
2009-01-01,Loreto,2.70972134
2009-01-01,Madre De Dios,2.38644356
2009-01-01,Moquegua,83.35273151
2009-01-01,Pasco,17.87345698
2009-01-01,Piura,82.2510680800002
2009-01-01,Puno,24.36187613
2009-01-01,San Martin,5.16648433
2009-01-01,Tacna,17.04272718
2009-01-01,Tumbes,9.66749664
2009-01-01,Ucayali,2.79270119
2009-01-01,No Registrado,0.844877469742642
2009-01-01,Total,1630.56867732974
2009-02-01,Amazonas,0.33617325
2009-02-01,Ancash,175.85866493
2009-02-01,Apurimac,6.18805583
2009-02-01,Arequipa,146.16698159
2009-02-01,Ayacucho,3.80160793
2009-02-01,Cajamarca,124.86542218
2009-02-01,Callao,145.28238152
2009-02-01,Cusco,15.84244655
2009-02-01,Huancavelica,7.16760439
2009-02-01,Huanuco,4.74728538
2009-02-01,Ica,157.19825988
2009-02-01,Junin,65.75542013
2009-02-01,La Libertad,139.06719122
2009-02-01,Lambayeque,11.34934706
2009-02-01,Lima,524.041207330002
2009-02-01,Loreto,3.4557872
2009-02-01,Madre De Dios,2.19986496
2009-02-01,Moquegua,108.49954622
2009-02-01,Pasco,31.08471788
2009-02-01,Piura,71.9895989499999
2009-02-01,Puno,35.32585589
2009-02-01,San Martin,1.73104939
2009-02-01,Tacna,14.86594367
2009-02-01,Tumbes,14.35537692
2009-02-01,Ucayali,2.95015126
2009-02-01,No Registrado,1.04727533981281
2009-02-01,Total,1815.17321684981
2009-03-01,Amazonas,0.05731023
2009-03-01,Ancash,211.05240596
2009-03-01,Apurimac,0
2009-03-01,Arequipa,127.60464303
2009-03-01,Ayacucho,3.63763271
2009-03-01,Cajamarca,186.39039131
2009-03-01,Callao,132.17305164
2009-03-01,Cusco,34.83295007
2009-03-01,Huancavelica,3.70671751
2009-03-01,Huanuco,0.99299945
2009-03-01,Ica,166.471459470001
2009-03-01,Junin,83.13849148
2009-03-01,La Libertad,143.90823691
2009-03-01,Lambayeque,10.39420152
2009-03-01,Lima,552.196906359998
2009-03-01,Loreto,2.28101046
2009-03-01,Madre De Dios,2.46951098
2009-03-01,Moquegua,104.87816298
2009-03-01,Pasco,34.51169737
2009-03-01,Piura,112.27019822
2009-03-01,Puno,19.83628808
2009-03-01,San Martin,3.54530804
2009-03-01,Tacna,6.76737701
2009-03-01,Tumbes,15.82268765
2009-03-01,Ucayali,2.98239495
2009-03-01,No Registrado,0.7396255007031411
2009-03-01,Total,1962.6616588907
2009-04-01,Amazonas,5.346e-5
2009-04-01,Ancash,154.10649322
2009-04-01,Apurimac,3.7714612
2009-04-01,Arequipa,145.97285853
2009-04-01,Ayacucho,1.07081687
2009-04-01,Cajamarca,175.28429649
2009-04-01,Callao,119.76305652
2009-04-01,Cusco,15.63923392
2009-04-01,Huancavelica,8.15973545
2009-04-01,Huanuco,0.93530022
2009-04-01,Ica,148.93624335
2009-04-01,Junin,32.92580075
2009-04-01,La Libertad,131.17321238
2009-04-01,Lambayeque,8.05365965
2009-04-01,Lima,526.474612419997
2009-04-01,Loreto,2.40251716
2009-04-01,Madre De Dios,2.4417704
2009-04-01,Moquegua,130.88820895
2009-04-01,Pasco,44.5503686
2009-04-01,Piura,84.14523223
2009-04-01,Puno,24.30695141
2009-04-01,San Martin,2.59062633
2009-04-01,Tacna,11.51123716
2009-04-01,Tumbes,11.44297072
2009-04-01,Ucayali,2.47986032
2009-04-01,No Registrado,0.198728911027047
2009-04-01,Total,1789.22530662102
2009-05-01,Amazonas,0.07312595
2009-05-01,Ancash,218.23912447
2009-05-01,Apurimac,7.16574217
2009-05-01,Arequipa,167.39020517
2009-05-01,Ayacucho,7.46887639
2009-05-01,Cajamarca,180.47777095
2009-05-01,Callao,180.79796829
2009-05-01,Cusco,13.79095652
2009-05-01,Huancavelica,3.39600833
2009-05-01,Huanuco,1.05395959
2009-05-01,Ica,209.30982193
2009-05-01,Junin,57.93628997
2009-05-01,La Libertad,155.9125997
2009-05-01,Lambayeque,11.876574250000001
2009-05-01,Lima,581.445914619995
2009-05-01,Loreto,4.53210257
2009-05-01,Madre De Dios,2.39266175
2009-05-01,Moquegua,160.52884399
2009-05-01,Pasco,73.19230323
2009-05-01,Piura,60.7894087799999
2009-05-01,Puno,28.34863848
2009-05-01,San Martin,3.08422732
2009-05-01,Tacna,13.33063223
2009-05-01,Tumbes,9.88178481
2009-05-01,Ucayali,1.96312412
2009-05-01,No Registrado,0.457633347470164
2009-05-01,Total,2154.83629892747
2009-06-01,Amazonas,0.54063633
2009-06-01,Ancash,274.60423903
2009-06-01,Apurimac,6.48e-4
2009-06-01,Arequipa,175.54365562
2009-06-01,Ayacucho,2.80571847
2009-06-01,Cajamarca,163.77569382
2009-06-01,Callao,174.489797
2009-06-01,Cusco,11.0148269
2009-06-01,Huancavelica,5.67186286
2009-06-01,Huanuco,6.98982328
2009-06-01,Ica,178.30710234
2009-06-01,Junin,52.43268579
2009-06-01,La Libertad,190.57512757
2009-06-01,Lambayeque,12.0748259
2009-06-01,Lima,617.435739859992
2009-06-01,Loreto,2.42252953
2009-06-01,Madre De Dios,2.70927654
2009-06-01,Moquegua,118.81654708
2009-06-01,Pasco,61.37251982
2009-06-01,Piura,76.77881935
2009-06-01,Puno,23.37086137
2009-06-01,San Martin,9.27644369
2009-06-01,Tacna,14.20221806
2009-06-01,Tumbes,14.31186257
2009-06-01,Ucayali,2.64733805
2009-06-01,No Registrado,0.166062862290346
2009-06-01,Total,2192.33686169228
2009-07-01,Amazonas,1.491537
2009-07-01,Ancash,262.81715209
2009-07-01,Apurimac,49.63237594
2009-07-01,Arequipa,190.28987508
2009-07-01,Ayacucho,2.68258702
2009-07-01,Cajamarca,168.88725941
2009-07-01,Callao,182.515201290001
2009-07-01,Cusco,12.73679632
2009-07-01,Huancavelica,2.74487778
2009-07-01,Huanuco,0.82282326
2009-07-01,Ica,200.7583812
2009-07-01,Junin,17.0529516
2009-07-01,La Libertad,222.96308836
2009-07-01,Lambayeque,21.62802567
2009-07-01,Lima,585.013687618273
2009-07-01,Loreto,4.42338648
2009-07-01,Madre De Dios,3.32945103
2009-07-01,Moquegua,164.99455779
2009-07-01,Pasco,67.05709879
2009-07-01,Piura,120.63824022
2009-07-01,Puno,29.00329445
2009-07-01,San Martin,10.54246927
2009-07-01,Tacna,9.46772989
2009-07-01,Tumbes,9.91084381
2009-07-01,Ucayali,3.54446497
2009-07-01,No Registrado,0
2009-07-01,Total,2344.94815633827
2009-08-01,Amazonas,1.83617307
2009-08-01,Ancash,257.00068435
2009-08-01,Apurimac,7.16195548
2009-08-01,Arequipa,212.45990764
2009-08-01,Ayacucho,3.45648178
2009-08-01,Cajamarca,211.85683685
2009-08-01,Callao,186.823865380001
2009-08-01,Cusco,11.88961093
2009-08-01,Huancavelica,5.48393779
2009-08-01,Huanuco,1.70958096
2009-08-01,Ica,212.25707059
2009-08-01,Junin,32.26649707
2009-08-01,La Libertad,196.46144381
2009-08-01,Lambayeque,19.10899118
2009-08-01,Lima,570.806353944206
2009-08-01,Loreto,2.35203004
2009-08-01,Madre De Dios,3.52102919
2009-08-01,Moquegua,157.65626227
2009-08-01,Pasco,56.55659874
2009-08-01,Piura,120.24782478
2009-08-01,Puno,25.13961168
2009-08-01,San Martin,8.88479552
2009-08-01,Tacna,14.86055909
2009-08-01,Tumbes,9.02440565
2009-08-01,Ucayali,3.50364349
2009-08-01,No Registrado,0
2009-08-01,Total,2332.32615127421
2009-09-01,Amazonas,2.04469476
2009-09-01,Ancash,267.66790914
2009-09-01,Apurimac,24.91783992
2009-09-01,Arequipa,257.20259634
2009-09-01,Ayacucho,2.23105439
2009-09-01,Cajamarca,231.61522928
2009-09-01,Callao,171.71576013
2009-09-01,Cusco,11.43085278
2009-09-01,Huancavelica,8.32243827
2009-09-01,Huanuco,3.5891933
2009-09-01,Ica,215.768293779999
2009-09-01,Junin,35.73729309
2009-09-01,La Libertad,181.50083618
2009-09-01,Lambayeque,30.18204092
2009-09-01,Lima,619.685293584707
2009-09-01,Loreto,3.68134893
2009-09-01,Madre De Dios,4.2067909
2009-09-01,Moquegua,195.54877402
2009-09-01,Pasco,77.4338688
2009-09-01,Piura,101.4678527
2009-09-01,Puno,32.3388731
2009-09-01,San Martin,11.85187742
2009-09-01,Tacna,18.48104146
2009-09-01,Tumbes,6.18762323
2009-09-01,Ucayali,4.57377481
2009-09-01,No Registrado,0
2009-09-01,Total,2519.38315123471
2009-10-01,Amazonas,0.99779666
2009-10-01,Ancash,255.30189481
2009-10-01,Apurimac,7.66826565
2009-10-01,Arequipa,254.7221246
2009-10-01,Ayacucho,12.63898151
2009-10-01,Cajamarca,220.32946731
2009-10-01,Callao,184.6394027
2009-10-01,Cusco,10.13862564
2009-10-01,Huancavelica,32.12981526
2009-10-01,Huanuco,0.5765583
2009-10-01,Ica,200.06324767
2009-10-01,Junin,61.08802019
2009-10-01,La Libertad,192.1276015
2009-10-01,Lambayeque,25.10086219
2009-10-01,Lima,596.937125890001
2009-10-01,Loreto,2.61548017
2009-10-01,Madre De Dios,4.58230032
2009-10-01,Moquegua,262.96836141
2009-10-01,Pasco,73.741976
2009-10-01,Piura,99.60287501
2009-10-01,Puno,37.33010814
2009-10-01,San Martin,14.80712572
2009-10-01,Tacna,17.49841318
2009-10-01,Tumbes,6.1020581
2009-10-01,Ucayali,4.55977804
2009-10-01,No Registrado,0.782750851983565
2009-10-01,Total,2579.05101682198
2009-11-01,Amazonas,1.01716911
2009-11-01,Ancash,259.95138044
2009-11-01,Apurimac,0.31529438
2009-11-01,Arequipa,328.0355973
2009-11-01,Ayacucho,5.4847501
2009-11-01,Cajamarca,266.57453183
2009-11-01,Callao,171.12043964
2009-11-01,Cusco,11.34432537
2009-11-01,Huancavelica,10.3885837
2009-11-01,Huanuco,3.32798701
2009-11-01,Ica,260.41396591
2009-11-01,Junin,63.50782018
2009-11-01,La Libertad,175.13003199
2009-11-01,Lambayeque,28.54711861
2009-11-01,Lima,586.519490840002
2009-11-01,Loreto,4.06956345
2009-11-01,Madre De Dios,4.72393584
2009-11-01,Moquegua,198.45472121
2009-11-01,Pasco,142.4153069
2009-11-01,Piura,125.02921837
2009-11-01,Puno,30.88602152
2009-11-01,San Martin,13.55045149
2009-11-01,Tacna,15.91741974
2009-11-01,Tumbes,6.04866585
2009-11-01,Ucayali,5.22993406
2009-11-01,No Registrado,0.732976482955564
2009-11-01,Total,2718.73670132296
2009-12-01,Amazonas,1.50998507
2009-12-01,Ancash,411.64006366
2009-12-01,Apurimac,10.54631325
2009-12-01,Arequipa,306.20675825
2009-12-01,Ayacucho,7.33358007
2009-12-01,Cajamarca,243.200175
2009-12-01,Callao,238.62361687
2009-12-01,Cusco,22.89418503
2009-12-01,Huancavelica,34.59888003
2009-12-01,Huanuco,0.73564357
2009-12-01,Ica,301.616678530001
2009-12-01,Junin,47.71399862
2009-12-01,La Libertad,197.68486357
2009-12-01,Lambayeque,28.30166497
2009-12-01,Lima,635.162255010001
2009-12-01,Loreto,6.59941396
2009-12-01,Madre De Dios,3.85032873
2009-12-01,Moquegua,210.79150075
2009-12-01,Pasco,79.80271605
2009-12-01,Piura,172.18251661
2009-12-01,Puno,36.39622202
2009-12-01,San Martin,8.34492141
2009-12-01,Tacna,13.8967565
2009-12-01,Tumbes,7.24134649
2009-12-01,Ucayali,4.2285688
2009-12-01,No Registrado,0.169475491898993
2009-12-01,Total,3031.2724283119
2010-01-01,Amazonas,0.2881248
2010-01-01,Ancash,248.50747679
2010-01-01,Apurimac,8.41946495
2010-01-01,Arequipa,250.75540236
2010-01-01,Ayacucho,7.70079198
2010-01-01,Cajamarca,165.24394584
2010-01-01,Callao,183.08060162
2010-01-01,Cusco,11.60155351
2010-01-01,Huancavelica,13.68036895
2010-01-01,Huanuco,1.31137067
2010-01-01,Ica,262.2158126
2010-01-01,Junin,31.165817
2010-01-01,La Libertad,207.792754560001
2010-01-01,Lambayeque,16.07050446
2010-01-01,Lima,500.510412130004
2010-01-01,Loreto,2.44143828
2010-01-01,Madre De Dios,2.74131682
2010-01-01,Moquegua,238.27209899
2010-01-01,Pasco,85.79780989
2010-01-01,Piura,136.00081805
2010-01-01,Puno,28.75419237
2010-01-01,San Martin,2.64196467
2010-01-01,Tacna,23.13713604
2010-01-01,Tumbes,7.47434606
2010-01-01,Ucayali,2.83353429
2010-01-01,No Registrado,0.40426295551606
2010-01-01,Total,2438.84332063552
2010-02-01,Amazonas,0.29303688
2010-02-01,Ancash,282.35379131
2010-02-01,Apurimac,10.37505657
2010-02-01,Arequipa,256.3738494
2010-02-01,Ayacucho,2.90786444
2010-02-01,Cajamarca,222.99216475
2010-02-01,Callao,210.474529870001
2010-02-01,Cusco,14.05706629
2010-02-01,Huancavelica,0.79981702
2010-02-01,Huanuco,1.14874155
2010-02-01,Ica,323.50094654
2010-02-01,Junin,38.60400404
2010-02-01,La Libertad,207.90020816
2010-02-01,Lambayeque,17.11906233
2010-02-01,Lima,549.729608939994
2010-02-01,Loreto,5.68431974
2010-02-01,Madre De Dios,3.29847739
2010-02-01,Moquegua,197.74257192
2010-02-01,Pasco,53.09674052
2010-02-01,Piura,181.04355749
2010-02-01,Puno,34.12344419
2010-02-01,San Martin,3.93690434
2010-02-01,Tacna,22.15179581
2010-02-01,Tumbes,5.55017279
2010-02-01,Ucayali,3.67609077
2010-02-01,No Registrado,0.257144912928652
2010-02-01,Total,2649.19096796292
2010-03-01,Amazonas,0.07252795
2010-03-01,Ancash,303.38047799
2010-03-01,Apurimac,0.00626
2010-03-01,Arequipa,316.80828074
2010-03-01,Ayacucho,10.59039437
2010-03-01,Cajamarca,198.98970755
2010-03-01,Callao,228.712912250001
2010-03-01,Cusco,13.73237411
2010-03-01,Huancavelica,10.54447484
2010-03-01,Huanuco,9.54507547
2010-03-01,Ica,284.6947384
2010-03-01,Junin,27.96554327
2010-03-01,La Libertad,199.580276370001
2010-03-01,Lambayeque,13.28567793
2010-03-01,Lima,633.902325639993
2010-03-01,Loreto,2.23052063
2010-03-01,Madre De Dios,3.70900762
2010-03-01,Moquegua,252.34082667
2010-03-01,Pasco,90.11217256
2010-03-01,Piura,138.369946
2010-03-01,Puno,30.64259454
2010-03-01,San Martin,2.04010774
2010-03-01,Tacna,31.67588998
2010-03-01,Tumbes,9.48320824
2010-03-01,Ucayali,4.46740213
2010-03-01,No Registrado,0.494825424727424
2010-03-01,Total,2817.37754841472
2010-04-01,Amazonas,0.13520349
2010-04-01,Ancash,311.61357401
2010-04-01,Apurimac,14.19776286
2010-04-01,Arequipa,287.37098782
2010-04-01,Ayacucho,4.06696182
2010-04-01,Cajamarca,169.94542966
2010-04-01,Callao,161.857192300001
2010-04-01,Cusco,12.06739338
2010-04-01,Huancavelica,4.87823551
2010-04-01,Huanuco,2.66144741
2010-04-01,Ica,322.55484109
2010-04-01,Junin,26.85448166
2010-04-01,La Libertad,171.97726944
2010-04-01,Lambayeque,12.48898709
2010-04-01,Lima,618.622231519996
2010-04-01,Loreto,3.04239748
2010-04-01,Madre De Dios,4.15498492
2010-04-01,Moquegua,227.93030827
2010-04-01,Pasco,86.8379765
2010-04-01,Piura,140.43119443
2010-04-01,Puno,38.69874174
2010-04-01,San Martin,1.69190063
2010-04-01,Tacna,33.00791861
2010-04-01,Tumbes,7.59354602
2010-04-01,Ucayali,5.85855626
2010-04-01,No Registrado,0.654771325373531
2010-04-01,Total,2671.19429524537
2010-05-01,Amazonas,0
2010-05-01,Ancash,238.15166891
2010-05-01,Apurimac,6.40450883
2010-05-01,Arequipa,192.24330991
2010-05-01,Ayacucho,4.54198006
2010-05-01,Cajamarca,173.6865689
2010-05-01,Callao,203.26158536
2010-05-01,Cusco,15.60145618
2010-05-01,Huancavelica,2.43439418
2010-05-01,Huanuco,0.63012482
2010-05-01,Ica,238.974987419999
2010-05-01,Junin,16.15058132
2010-05-01,La Libertad,165.67943497
2010-05-01,Lambayeque,17.30992123
2010-05-01,Lima,562.746381680003
2010-05-01,Loreto,6.70103585
2010-05-01,Madre De Dios,2.98229345
2010-05-01,Moquegua,254.3234766
2010-05-01,Pasco,85.07096758
2010-05-01,Piura,115.13436696
2010-05-01,Puno,35.01583536
2010-05-01,San Martin,8.09920638
2010-05-01,Tacna,33.8375500200001
2010-05-01,Tumbes,8.4673477599999991
2010-05-01,Ucayali,3.32413103
2010-05-01,No Registrado,0.379570959665671
2010-05-01,Total,2391.15268571967
2010-06-01,Amazonas,0.40721941
2010-06-01,Ancash,303.30432652
2010-06-01,Apurimac,10.24853932
2010-06-01,Arequipa,300.39305387
2010-06-01,Ayacucho,14.98667554
2010-06-01,Cajamarca,238.3518997
2010-06-01,Callao,318.10439067
2010-06-01,Cusco,16.46351903
2010-06-01,Huancavelica,9.86910589
2010-06-01,Huanuco,3.3350953
2010-06-01,Ica,333.411987559999
2010-06-01,Junin,44.70308645
2010-06-01,La Libertad,253.90571134
2010-06-01,Lambayeque,28.9877968
2010-06-01,Lima,757.808814999424
2010-06-01,Loreto,2.93643599
2010-06-01,Madre De Dios,4.30632364
2010-06-01,Moquegua,168.54514743
2010-06-01,Pasco,92.60249763
2010-06-01,Piura,154.76967371
2010-06-01,Puno,37.92512193
2010-06-01,San Martin,10.93874045
2010-06-01,Tacna,30.52918274
2010-06-01,Tumbes,11.6637117
2010-06-01,Ucayali,4.82342206
2010-06-01,No Registrado,0
2010-06-01,Total,3153.32147967942
2010-07-01,Amazonas,2.0580154
2010-07-01,Ancash,456.81058422
2010-07-01,Apurimac,12.45764504
2010-07-01,Arequipa,285.11772717
2010-07-01,Ayacucho,8.23091248
2010-07-01,Cajamarca,200.78053581
2010-07-01,Callao,259.88735071
2010-07-01,Cusco,21.54942561
2010-07-01,Huancavelica,10.78852007
2010-07-01,Huanuco,2.37030488
2010-07-01,Ica,322.951246310001
2010-07-01,Junin,35.11958811
2010-07-01,La Libertad,181.04003174
2010-07-01,Lambayeque,32.15033417
2010-07-01,Lima,719.294947529992
2010-07-01,Loreto,6.44269669
2010-07-01,Madre De Dios,4.17834691
2010-07-01,Moquegua,209.54157652
2010-07-01,Pasco,44.66208386
2010-07-01,Piura,106.53068599
2010-07-01,Puno,40.95931454
2010-07-01,San Martin,12.79617634
2010-07-01,Tacna,48.758286150000004
2010-07-01,Tumbes,6.48638423
2010-07-01,Ucayali,4.18538965
2010-07-01,No Registrado,0.211275302176091
2010-07-01,Total,3035.35938543217
2010-08-01,Amazonas,2.02218203
2010-08-01,Ancash,279.76952732
2010-08-01,Apurimac,8.33184635
2010-08-01,Arequipa,301.27474554
2010-08-01,Ayacucho,10.83998554
2010-08-01,Cajamarca,166.56232552
2010-08-01,Callao,288.8251295
2010-08-01,Cusco,41.2186999
2010-08-01,Huancavelica,3.53901208
2010-08-01,Huanuco,3.33991916
2010-08-01,Ica,305.61866395
2010-08-01,Junin,50.57082237
2010-08-01,La Libertad,159.108034719999
2010-08-01,Lambayeque,35.78112554
2010-08-01,Lima,786.730173380004
2010-08-01,Loreto,2.14160408
2010-08-01,Madre De Dios,3.84562662
2010-08-01,Moquegua,237.12848997
2010-08-01,Pasco,82.62550684
2010-08-01,Piura,159.14674839
2010-08-01,Puno,39.21653795
2010-08-01,San Martin,12.41023951
2010-08-01,Tacna,47.3067982399999
2010-08-01,Tumbes,5.06795579
2010-08-01,Ucayali,2.4598212
2010-08-01,No Registrado,0.767673328763067
2010-08-01,Total,3035.64919481877
2010-09-01,Amazonas,2.73162212
2010-09-01,Ancash,457.3455215
2010-09-01,Apurimac,3.12549143
2010-09-01,Arequipa,324.19709529
2010-09-01,Ayacucho,10.17687103
2010-09-01,Cajamarca,264.14378129
2010-09-01,Callao,293.287426880001
2010-09-01,Cusco,41.53017564
2010-09-01,Huancavelica,0.97363943
2010-09-01,Huanuco,1.78540455
2010-09-01,Ica,390.169953459999
2010-09-01,Junin,31.58321028
2010-09-01,La Libertad,201.27302257
2010-09-01,Lambayeque,32.4605746400001
2010-09-01,Lima,778.1102468800099
2010-09-01,Loreto,3.84032018
2010-09-01,Madre De Dios,4.38685421
2010-09-01,Moquegua,145.06644794
2010-09-01,Pasco,72.52366866
2010-09-01,Piura,115.45532748
2010-09-01,Puno,56.01332522
2010-09-01,San Martin,9.27736355
2010-09-01,Tacna,61.11964931
2010-09-01,Tumbes,6.96865872
2010-09-01,Ucayali,3.14361928
2010-09-01,No Registrado,0.795142527872486
2010-09-01,Total,3311.48441406788
2010-10-01,Amazonas,2.61515958
2010-10-01,Ancash,326.61174035
2010-10-01,Apurimac,8.85743085
2010-10-01,Arequipa,303.29218062
2010-10-01,Ayacucho,7.4112694
2010-10-01,Cajamarca,207.23203963
2010-10-01,Callao,237.45178213
2010-10-01,Cusco,65.39287816
2010-10-01,Huancavelica,13.45466894
2010-10-01,Huanuco,1.06140628
2010-10-01,Ica,292.795150780001
2010-10-01,Junin,37.25660397
2010-10-01,La Libertad,157.77581086
2010-10-01,Lambayeque,41.3795890299999
2010-10-01,Lima,832.1714829300071
2010-10-01,Loreto,1.8340145
2010-10-01,Madre De Dios,3.44048921
2010-10-01,Moquegua,225.24654155
2010-10-01,Pasco,117.44044725
2010-10-01,Piura,153.31915111
2010-10-01,Puno,53.7911447399999
2010-10-01,San Martin,13.29317323
2010-10-01,Tacna,52.40659773
2010-10-01,Tumbes,9.21064394
2010-10-01,Ucayali,4.87704626
2010-10-01,No Registrado,0.789171677726699
2010-10-01,Total,3170.40761470773
2010-11-01,Amazonas,2.36941264
2010-11-01,Ancash,322.16636604
2010-11-01,Apurimac,16.01224737
2010-11-01,Arequipa,380.73983524
2010-11-01,Ayacucho,12.52704049
2010-11-01,Cajamarca,249.32809875
2010-11-01,Callao,225.88147502
2010-11-01,Cusco,42.17330238
2010-11-01,Huancavelica,3.4196517
2010-11-01,Huanuco,1.33790986
2010-11-01,Ica,370.39760734
2010-11-01,Junin,47.55368441
2010-11-01,La Libertad,160.65935093
2010-11-01,Lambayeque,40.44894702
2010-11-01,Lima,923.541867810003
2010-11-01,Loreto,2.98128758
2010-11-01,Madre De Dios,4.43729213
2010-11-01,Moquegua,205.86816871
2010-11-01,Pasco,93.63848476
2010-11-01,Piura,144.12660905
2010-11-01,Puno,49.74348738
2010-11-01,San Martin,12.88575383
2010-11-01,Tacna,26.76502912
2010-11-01,Tumbes,13.32476383
2010-11-01,Ucayali,3.21119642
2010-11-01,No Registrado,0.561751825594456
2010-11-01,Total,3356.1006216356
2010-12-01,Amazonas,2.1042734
2010-12-01,Ancash,362.41281928
2010-12-01,Apurimac,23.70231445
2010-12-01,Arequipa,339.26122155
2010-12-01,Ayacucho,8.29455059
2010-12-01,Cajamarca,218.54804456
2010-12-01,Callao,229.65640069
2010-12-01,Cusco,49.30128338
2010-12-01,Huancavelica,11.64794425
2010-12-01,Huanuco,7.79386999
2010-12-01,Ica,408.76111630999907
2010-12-01,Junin,81.46907998
2010-12-01,La Libertad,219.13592442
2010-12-01,Lambayeque,38.22025543
2010-12-01,Lima,945.064270660004
2010-12-01,Loreto,4.89381036
2010-12-01,Madre De Dios,2.94394725
2010-12-01,Moquegua,284.21755439
2010-12-01,Pasco,164.850126
2010-12-01,Piura,234.290995890001
2010-12-01,Puno,49.09534637
2010-12-01,San Martin,18.60094956
2010-12-01,Tacna,51.9118709899999
2010-12-01,Tumbes,13.12265086
2010-12-01,Ucayali,3.55091539
2010-12-01,No Registrado,0.147749941877919
2010-12-01,Total,3772.99928594188
2011-01-01,Amazonas,1.01151416
2011-01-01,Ancash,353.06231445
2011-01-01,Apurimac,0.00262
2011-01-01,Arequipa,342.98340954
2011-01-01,Ayacucho,10.33274086
2011-01-01,Cajamarca,149.28707329
2011-01-01,Callao,186.72509206
2011-01-01,Cusco,22.85668717
2011-01-01,Huancavelica,3.51715676
2011-01-01,Huanuco,8.25811909
2011-01-01,Ica,352.31993508
2011-01-01,Junin,22.28458559
2011-01-01,La Libertad,163.61243658
2011-01-01,Lambayeque,15.70801827
2011-01-01,Lima,780.028749360013
2011-01-01,Loreto,2.33651212
2011-01-01,Madre De Dios,2.79775244
2011-01-01,Moquegua,215.29452525
2011-01-01,Pasco,54.38064626
2011-01-01,Piura,169.881325350001
2011-01-01,Puno,50.0329976
2011-01-01,San Martin,1.96049785
2011-01-01,Tacna,38.79474948
2011-01-01,Tumbes,12.4734173
2011-01-01,Ucayali,3.34869786
2011-01-01,No Registrado,0.825155034654472
2011-01-01,Total,2964.11672880467
2011-02-01,Amazonas,1.18554242
2011-02-01,Ancash,433.08018231
2011-02-01,Apurimac,0.23824668
2011-02-01,Arequipa,417.97666726
2011-02-01,Ayacucho,9.56638039
2011-02-01,Cajamarca,195.58684343
2011-02-01,Callao,249.2779809
2011-02-01,Cusco,42.29533607
2011-02-01,Huancavelica,10.87427389
2011-02-01,Huanuco,2.24171527
2011-02-01,Ica,368.913162490001
2011-02-01,Junin,37.73421273
2011-02-01,La Libertad,178.05328269
2011-02-01,Lambayeque,17.69591265
2011-02-01,Lima,882.7074169900151
2011-02-01,Loreto,4.23916269
2011-02-01,Madre De Dios,2.43987748
2011-02-01,Moquegua,206.60386008
2011-02-01,Pasco,24.70180973
2011-02-01,Piura,184.54023842
2011-02-01,Puno,71.52856631
2011-02-01,San Martin,5.4607279
2011-02-01,Tacna,17.13610649
2011-02-01,Tumbes,11.50422243
2011-02-01,Ucayali,2.15405058
2011-02-01,No Registrado,0.24022059029312
2011-02-01,Total,3377.97599887031
2011-03-01,Amazonas,0.09692063
2011-03-01,Ancash,396.02096703
2011-03-01,Apurimac,1.40053516
2011-03-01,Arequipa,442.46525148
2011-03-01,Ayacucho,9.33703746
2011-03-01,Cajamarca,202.78774691
2011-03-01,Callao,261.90994185
2011-03-01,Cusco,51.53400287
2011-03-01,Huancavelica,8.71538747
2011-03-01,Huanuco,0.69158109
2011-03-01,Ica,406.40133976
2011-03-01,Junin,60.14183655
2011-03-01,La Libertad,212.11303387
2011-03-01,Lambayeque,16.12636756
2011-03-01,Lima,945.312489150012
2011-03-01,Loreto,2.2400461
2011-03-01,Madre De Dios,3.23932173
2011-03-01,Moquegua,278.88952672
2011-03-01,Pasco,81.29760255
2011-03-01,Piura,246.67418776
2011-03-01,Puno,75.46318184
2011-03-01,San Martin,2.43851404
2011-03-01,Tacna,28.528735
2011-03-01,Tumbes,14.25129503
2011-03-01,Ucayali,2.60951646
2011-03-01,No Registrado,0.66448736994289
2011-03-01,Total,3751.35085343995
2011-04-01,Amazonas,0.08752748
2011-04-01,Ancash,283.28650884
2011-04-01,Apurimac,1.66075672
2011-04-01,Arequipa,327.69895541
2011-04-01,Ayacucho,10.35220414
2011-04-01,Cajamarca,234.28276789
2011-04-01,Callao,186.54589598
2011-04-01,Cusco,53.3609274
2011-04-01,Huancavelica,3.89556876
2011-04-01,Huanuco,0.87446362
2011-04-01,Ica,416.92299218
2011-04-01,Junin,74.22066949
2011-04-01,La Libertad,158.34170678
2011-04-01,Lambayeque,16.69876239
2011-04-01,Lima,1000.60386005
2011-04-01,Loreto,2.8780626
2011-04-01,Madre De Dios,3.80150019
2011-04-01,Moquegua,172.08504454
2011-04-01,Pasco,161.54991442
2011-04-01,Piura,172.1206302
2011-04-01,Puno,86.74870754
2011-04-01,San Martin,3.05818029
2011-04-01,Tacna,30.79526001
2011-04-01,Tumbes,11.68863722
2011-04-01,Ucayali,3.24038814
2011-04-01,No Registrado,0.712462099605091
2011-04-01,Total,3417.51235437961
2011-05-01,Amazonas,0.26076345
2011-05-01,Ancash,367.63297646
2011-05-01,Apurimac,0
2011-05-01,Arequipa,499.69459453
2011-05-01,Ayacucho,15.77841009
2011-05-01,Cajamarca,231.99215925
2011-05-01,Callao,297.070894779999
2011-05-01,Cusco,61.59685434
2011-05-01,Huancavelica,34.13284782
2011-05-01,Huanuco,1.27862638
2011-05-01,Ica,460.10181949
2011-05-01,Junin,49.26625208
2011-05-01,La Libertad,192.479707189999
2011-05-01,Lambayeque,32.97444109
2011-05-01,Lima,1165.74432258999
2011-05-01,Loreto,5.46875821
2011-05-01,Madre De Dios,5.45978334
2011-05-01,Moquegua,233.64332722
2011-05-01,Pasco,148.27319105
2011-05-01,Piura,193.36373231
2011-05-01,Puno,64.15006279
2011-05-01,San Martin,13.02316597
2011-05-01,Tacna,17.0141563
2011-05-01,Tumbes,11.33407222
2011-05-01,Ucayali,3.0983018
2011-05-01,No Registrado,0.639350329154695
2011-05-01,Total,4105.47257107914
2011-06-01,Amazonas,1.62183952
2011-06-01,Ancash,413.1765854
2011-06-01,Apurimac,5.94084342
2011-06-01,Arequipa,435.76168725
2011-06-01,Ayacucho,8.45950975
2011-06-01,Cajamarca,285.46516529
2011-06-01,Callao,513.883749059997
2011-06-01,Cusco,53.00326072
2011-06-01,Huancavelica,16.81609775
2011-06-01,Huanuco,2.37429364
2011-06-01,Ica,364.255236280001
2011-06-01,Junin,59.37547271
2011-06-01,La Libertad,232.48141805
2011-06-01,Lambayeque,38.189649
2011-06-01,Lima,1099.53218471999
2011-06-01,Loreto,1.12995663
2011-06-01,Madre De Dios,5.05900225
2011-06-01,Moquegua,276.39351808
2011-06-01,Pasco,40.99728748
2011-06-01,Piura,212.00059884
2011-06-01,Puno,74.37595677
2011-06-01,San Martin,23.41995808
2011-06-01,Tacna,25.465711
2011-06-01,Tumbes,9.76628252
2011-06-01,Ucayali,4.61920793
2011-06-01,No Registrado,0.563202122624716
2011-06-01,Total,4204.12767426261
2011-07-01,Amazonas,1.97997395
2011-07-01,Ancash,413.65925467
2011-07-01,Apurimac,9.75e-4
2011-07-01,Arequipa,337.07942073
2011-07-01,Ayacucho,10.66936246
2011-07-01,Cajamarca,201.44907464
2011-07-01,Callao,325.99546357
2011-07-01,Cusco,71.88586674
2011-07-01,Huancavelica,18.17728824
2011-07-01,Huanuco,6.28472303
2011-07-01,Ica,399.9381584
2011-07-01,Junin,78.67785523
2011-07-01,La Libertad,205.40292988
2011-07-01,Lambayeque,40.93090545
2011-07-01,Lima,1245.86970944
2011-07-01,Loreto,3.28672145
2011-07-01,Madre De Dios,5.52629068
2011-07-01,Moquegua,240.34088013
2011-07-01,Pasco,172.1404729
2011-07-01,Piura,266.98472349
2011-07-01,Puno,81.7879549100001
2011-07-01,San Martin,31.48326678
2011-07-01,Tacna,20.4505222
2011-07-01,Tumbes,9.98464321
2011-07-01,Ucayali,4.10154463
2011-07-01,No Registrado,0.766694616641871
2011-07-01,Total,4194.85467642664
2011-08-01,Amazonas,1.17968837
2011-08-01,Ancash,408.36916563
2011-08-01,Apurimac,4.49e-4
2011-08-01,Arequipa,411.43688931
2011-08-01,Ayacucho,12.18461861
2011-08-01,Cajamarca,391.25486572
2011-08-01,Callao,318.771635619999
2011-08-01,Cusco,91.62232052
2011-08-01,Huancavelica,21.55984351
2011-08-01,Huanuco,9.33533318
2011-08-01,Ica,423.24063525000093
2011-08-01,Junin,55.29893903
2011-08-01,La Libertad,237.345289199999
2011-08-01,Lambayeque,54.3708222
2011-08-01,Lima,1315.9108407
2011-08-01,Loreto,7.81478017
2011-08-01,Madre De Dios,6.66479389
2011-08-01,Moquegua,265.47386489
2011-08-01,Pasco,146.90333203
2011-08-01,Piura,223.685261299999
2011-08-01,Puno,77.0202167499999
2011-08-01,San Martin,32.03552023
2011-08-01,Tacna,28.12995936
2011-08-01,Tumbes,10.8293033
2011-08-01,Ucayali,3.49441542
2011-08-01,No Registrado,0.983555669739872
2011-08-01,Total,4554.91633885974
2011-09-01,Amazonas,5.75185618
2011-09-01,Ancash,385.14725761
2011-09-01,Apurimac,2.59928729
2011-09-01,Arequipa,393.36999727
2011-09-01,Ayacucho,15.0676499
2011-09-01,Cajamarca,253.21101009
2011-09-01,Callao,407.752584339999
2011-09-01,Cusco,60.64913218
2011-09-01,Huancavelica,34.87925569
2011-09-01,Huanuco,19.02258679
2011-09-01,Ica,286.54638167
2011-09-01,Junin,62.89734231
2011-09-01,La Libertad,279.90107211
2011-09-01,Lambayeque,47.98607851
2011-09-01,Lima,1103.18120002995
2011-09-01,Loreto,2.06073855
2011-09-01,Madre De Dios,4.14326898
2011-09-01,Moquegua,198.6807606
2011-09-01,Pasco,101.50777873
2011-09-01,Piura,162.45647963
2011-09-01,Puno,74.67652983
2011-09-01,San Martin,30.25964817
2011-09-01,Tacna,31.58683493
2011-09-01,Tumbes,10.38950635
2011-09-01,Ucayali,3.09694607
2011-09-01,No Registrado,0.9982687230867668
2011-09-01,Total,3977.81945253304
2011-10-01,Amazonas,2.43574939
2011-10-01,Ancash,338.92389263
2011-10-01,Apurimac,0
2011-10-01,Arequipa,297.87327419
2011-10-01,Ayacucho,8.30358209
2011-10-01,Cajamarca,275.66149126
2011-10-01,Callao,310.321753419998
2011-10-01,Cusco,101.9867363
2011-10-01,Huancavelica,11.55063027
2011-10-01,Huanuco,4.05082977
2011-10-01,Ica,376.357590520001
2011-10-01,Junin,36.99266995
2011-10-01,La Libertad,244.50869212999999
2011-10-01,Lambayeque,44.91616152
2011-10-01,Lima,1206.68500648003
2011-10-01,Loreto,5.29697908
2011-10-01,Madre De Dios,4.11319333
2011-10-01,Moquegua,260.49781001
2011-10-01,Pasco,114.17685136
2011-10-01,Piura,145.06107588
2011-10-01,Puno,80.6774879399999
2011-10-01,San Martin,22.37908915
2011-10-01,Tacna,28.03213721
2011-10-01,Tumbes,11.02494241
2011-10-01,Ucayali,3.24737606
2011-10-01,No Registrado,0.921814682858439
2011-10-01,Total,3935.99681703288
2011-11-01,Amazonas,2.87523645
2011-11-01,Ancash,248.31722408
2011-11-01,Apurimac,3.42257031
2011-11-01,Arequipa,301.25625589
2011-11-01,Ayacucho,13.2337982
2011-11-01,Cajamarca,233.49183135
2011-11-01,Callao,247.02887651
2011-11-01,Cusco,37.54922629
2011-11-01,Huancavelica,4.28219202
2011-11-01,Huanuco,3.42389492
2011-11-01,Ica,281.3558245
2011-11-01,Junin,39.82102148
2011-11-01,La Libertad,219.319911919999
2011-11-01,Lambayeque,48.7247774900001
2011-11-01,Lima,1182.83170134999
2011-11-01,Loreto,3.38394137999999
2011-11-01,Madre De Dios,3.3742682
2011-11-01,Moquegua,141.92635588
2011-11-01,Pasco,50.43072474
2011-11-01,Piura,134.56510107
2011-11-01,Puno,90.02427393
2011-11-01,San Martin,20.7052426
2011-11-01,Tacna,27.20528712
2011-11-01,Tumbes,8.38528308
2011-11-01,Ucayali,4.6138445
2011-11-01,No Registrado,0.735534283945981
2011-11-01,Total,3352.2841995439294
2011-12-01,Amazonas,3.11108549
2011-12-01,Ancash,455.61859623
2011-12-01,Apurimac,7.96792419
2011-12-01,Arequipa,330.76320285
2011-12-01,Ayacucho,38.35180428
2011-12-01,Cajamarca,358.38554317
2011-12-01,Callao,303.75222445000003
2011-12-01,Cusco,105.98915283
2011-12-01,Huancavelica,18.51971999
2011-12-01,Huanuco,12.84007457
2011-12-01,Ica,341.076455389999
2011-12-01,Junin,73.85613588
2011-12-01,La Libertad,257.90700158
2011-12-01,Lambayeque,62.0624724500001
2011-12-01,Lima,1264.79393508001
2011-12-01,Loreto,2.31386982
2011-12-01,Madre De Dios,3.27157072
2011-12-01,Moquegua,271.58165176
2011-12-01,Pasco,155.56542404
2011-12-01,Piura,298.23679363
2011-12-01,Puno,86.03205156
2011-12-01,San Martin,26.37310104
2011-12-01,Tacna,43.2195574299999
2011-12-01,Tumbes,13.72375065
2011-12-01,Ucayali,3.4673678
2011-12-01,No Registrado,0.75342176687991
2011-12-01,Total,4539.53388864688
2012-01-01,Amazonas,1.63494556
2012-01-01,Ancash,418.52811661
2012-01-01,Apurimac,6.26330558
2012-01-01,Arequipa,299.10081535
2012-01-01,Ayacucho,12.21539216
2012-01-01,Cajamarca,325.495582496
2012-01-01,Callao,363.582992240001
2012-01-01,Cusco,58.890145
2012-01-01,Huancavelica,32.17227797
2012-01-01,Huanuco,10.1225009
2012-01-01,Ica,474.183958339999
2012-01-01,Junin,55.65313255
2012-01-01,La Libertad,173.96052175
2012-01-01,Lambayeque,19.62484125
2012-01-01,Lima,1075.54574149999
2012-01-01,Loreto,5.47679112
2012-01-01,Madre De Dios,1.90019693
2012-01-01,Moquegua,209.60803908
2012-01-01,Pasco,152.88027889
2012-01-01,Piura,219.78683973
2012-01-01,Puno,61.62357443
2012-01-01,San Martin,13.79744343
2012-01-01,Tacna,21.75342134
2012-01-01,Tumbes,10.51121262
2012-01-01,Ucayali,4.36371384
2012-01-01,No Registrado,0.57354028869122
2012-01-01,Total,4029.24932095468
2012-02-01,Amazonas,0.36916954
2012-02-01,Ancash,393.82660232
2012-02-01,Apurimac,9.94052616
2012-02-01,Arequipa,243.02622613
2012-02-01,Ayacucho,31.73954648
2012-02-01,Cajamarca,277.575683126
2012-02-01,Callao,289.0804295
2012-02-01,Cusco,64.59866857
2012-02-01,Huancavelica,42.1856711
2012-02-01,Huanuco,2.66820523
2012-02-01,Ica,292.4187041
2012-02-01,Junin,18.39048021
2012-02-01,La Libertad,260.17278205
2012-02-01,Lambayeque,14.55177673
2012-02-01,Lima,1148.97812291001
2012-02-01,Loreto,2.00310259
2012-02-01,Madre De Dios,2.02985353
2012-02-01,Moquegua,309.32726777
2012-02-01,Pasco,84.00610638
2012-02-01,Piura,189.62280005
2012-02-01,Puno,98.88557245
2012-02-01,San Martin,4.17279939
2012-02-01,Tacna,28.7719665899999
2012-02-01,Tumbes,11.78127603
2012-02-01,Ucayali,2.75930218
2012-02-01,No Registrado,1.00424675877457
2012-02-01,Total,3823.8868878747894
2012-03-01,Amazonas,0.34958244
2012-03-01,Ancash,454.5245487
2012-03-01,Apurimac,5.39535946
2012-03-01,Arequipa,439.84315372
2012-03-01,Ayacucho,17.21759878
2012-03-01,Cajamarca,286.864260636
2012-03-01,Callao,445.56407077999506
2012-03-01,Cusco,50.49209479
2012-03-01,Huancavelica,11.48727849
2012-03-01,Huanuco,5.95024444
2012-03-01,Ica,302.550758210001
2012-03-01,Junin,24.7337174
2012-03-01,La Libertad,252.48581577
2012-03-01,Lambayeque,14.74922089
2012-03-01,Lima,1199.23000914
2012-03-01,Loreto,1.86599048
2012-03-01,Madre De Dios,1.42390249
2012-03-01,Moquegua,200.86729574
2012-03-01,Pasco,81.09303506
2012-03-01,Piura,269.688289449999
2012-03-01,Puno,57.89850216
2012-03-01,San Martin,3.48781676
2012-03-01,Tacna,21.29179506
2012-03-01,Tumbes,12.16519245
2012-03-01,Ucayali,3.79173705
2012-03-01,No Registrado,0.99880499491519
2012-03-01,Total,4166.01007534091
2012-04-01,Amazonas,0.36998704
2012-04-01,Ancash,316.38606104
2012-04-01,Apurimac,0.02299631
2012-04-01,Arequipa,220.60010753
2012-04-01,Ayacucho,14.05594156
2012-04-01,Cajamarca,324.693373332
2012-04-01,Callao,254.803341430001
2012-04-01,Cusco,0.8060722
2012-04-01,Huancavelica,13.55323965
2012-04-01,Huanuco,0.90066378
2012-04-01,Ica,251.128553009999
2012-04-01,Junin,43.93656278
2012-04-01,La Libertad,192.17951343
2012-04-01,Lambayeque,10.95792334
2012-04-01,Lima,981.725154649986
2012-04-01,Loreto,6.44676562
2012-04-01,Madre De Dios,0.4967566
2012-04-01,Moquegua,244.24916458
2012-04-01,Pasco,98.96984689
2012-04-01,Piura,203.61199128
2012-04-01,Puno,3.56494503
2012-04-01,San Martin,1.28538333
2012-04-01,Tacna,28.32086905
2012-04-01,Tumbes,9.46834608
2012-04-01,Ucayali,3.44811809
2012-04-01,No Registrado,0.999254914835092
2012-04-01,Total,3226.98093254682
2012-05-01,Amazonas,0.27658284
2012-05-01,Ancash,418.44260709
2012-05-01,Apurimac,5.02163892
2012-05-01,Arequipa,382.75072117
2012-05-01,Ayacucho,7.67257856
2012-05-01,Cajamarca,381.029403962
2012-05-01,Callao,367.36756021999906
2012-05-01,Cusco,28.35315862
2012-05-01,Huancavelica,2.14729059
2012-05-01,Huanuco,10.49799436
2012-05-01,Ica,339.973025510002
2012-05-01,Junin,11.97782422
2012-05-01,La Libertad,187.28847199
2012-05-01,Lambayeque,18.37288444
2012-05-01,Lima,1066.46093582999
2012-05-01,Loreto,1.92550012
2012-05-01,Madre De Dios,3.45009233
2012-05-01,Moquegua,202.24468283
2012-05-01,Pasco,39.19645041
2012-05-01,Piura,191.35711108
2012-05-01,Puno,6.84555442
2012-05-01,San Martin,1.01190797
2012-05-01,Tacna,26.943898
2012-05-01,Tumbes,13.24247293
2012-05-01,Ucayali,3.22232235
2012-05-01,No Registrado,0.9989851671602988
2012-05-01,Total,3718.07165592915
2012-06-01,Amazonas,0.83086455
2012-06-01,Ancash,388.34414901
2012-06-01,Apurimac,5.55145178
2012-06-01,Arequipa,350.16595357
2012-06-01,Ayacucho,15.11714512
2012-06-01,Cajamarca,355.037482142
2012-06-01,Callao,489.515476919998
2012-06-01,Cusco,73.63257756
2012-06-01,Huancavelica,2.60913242
2012-06-01,Huanuco,6.40610875
2012-06-01,Ica,290.77493466
2012-06-01,Junin,35.57133437
2012-06-01,La Libertad,235.478614550001
2012-06-01,Lambayeque,28.43226495
2012-06-01,Lima,1035.40969258001
2012-06-01,Loreto,4.68655697
2012-06-01,Madre De Dios,4.48650556
2012-06-01,Moquegua,184.74359733
2012-06-01,Pasco,94.23897891
2012-06-01,Piura,203.86733248
2012-06-01,Puno,26.90900882
2012-06-01,San Martin,1.50791977
2012-06-01,Tacna,20.55715512
2012-06-01,Tumbes,12.96809449
2012-06-01,Ucayali,3.38917918
2012-06-01,No Registrado,0.9991765761142228
2012-06-01,Total,3871.23068813812
2012-07-01,Amazonas,2.35008571
2012-07-01,Ancash,513.55679299
2012-07-01,Apurimac,14.91949568
2012-07-01,Arequipa,231.42086048
2012-07-01,Ayacucho,16.55680797
2012-07-01,Cajamarca,404.130060325
2012-07-01,Callao,344.66835692
2012-07-01,Cusco,39.5605162
2012-07-01,Huancavelica,16.9646879
2012-07-01,Huanuco,8.4155979
2012-07-01,Ica,323.012567789999
2012-07-01,Junin,42.88880152
2012-07-01,La Libertad,244.06822381
2012-07-01,Lambayeque,28.9043466799999
2012-07-01,Lima,1135.74370873001
2012-07-01,Loreto,7.04887633
2012-07-01,Madre De Dios,6.23908516
2012-07-01,Moquegua,237.09802711
2012-07-01,Pasco,127.87723834
2012-07-01,Piura,211.38021166
2012-07-01,Puno,54.67054002
2012-07-01,San Martin,11.69817985
2012-07-01,Tacna,44.5773445499999
2012-07-01,Tumbes,12.65482453
2012-07-01,Ucayali,3.23064028
2012-07-01,No Registrado,0.99885987947755
2012-07-01,Total,4084.63473831449
2012-08-01,Amazonas,3.67593133
2012-08-01,Ancash,408.97105953
2012-08-01,Apurimac,6.80576971
2012-08-01,Arequipa,335.4627625
2012-08-01,Ayacucho,18.08664668
2012-08-01,Cajamarca,410.226092735
2012-08-01,Callao,394.5665273
2012-08-01,Cusco,34.29125485
2012-08-01,Huancavelica,20.20614954
2012-08-01,Huanuco,12.15613027
2012-08-01,Ica,280.95282319
2012-08-01,Junin,50.35530775
2012-08-01,La Libertad,262.62889851
2012-08-01,Lambayeque,35.38271398
2012-08-01,Lima,1117.0571071
2012-08-01,Loreto,7.56209886
2012-08-01,Madre De Dios,12.82637598
2012-08-01,Moquegua,168.57352119
2012-08-01,Pasco,47.41633857
2012-08-01,Piura,208.62580414
2012-08-01,Puno,67.36025199
2012-08-01,San Martin,20.60377608
2012-08-01,Tacna,22.594175
2012-08-01,Tumbes,37.18897227
2012-08-01,Ucayali,3.70501464
2012-08-01,No Registrado,2.10879101422779
2012-08-01,Total,3989.3902947092306
2012-09-01,Amazonas,2.29060175
2012-09-01,Ancash,385.1571058
2012-09-01,Apurimac,7.33846534
2012-09-01,Arequipa,394.73501907
2012-09-01,Ayacucho,13.11547005
2012-09-01,Cajamarca,369.086634245
2012-09-01,Callao,434.67936252
2012-09-01,Cusco,86.56573641
2012-09-01,Huancavelica,1.18486615
2012-09-01,Huanuco,3.43586641
2012-09-01,Ica,307.569808229999
2012-09-01,Junin,50.6347452
2012-09-01,La Libertad,269.81808514
2012-09-01,Lambayeque,39.00093739
2012-09-01,Lima,1113.01983779
2012-09-01,Loreto,1.57406201
2012-09-01,Madre De Dios,11.73587673
2012-09-01,Moquegua,251.41694205
2012-09-01,Pasco,115.77703479
2012-09-01,Piura,212.38325531
2012-09-01,Puno,46.22356008
2012-09-01,San Martin,24.0980547
2012-09-01,Tacna,30.16655183
2012-09-01,Tumbes,10.67871386
2012-09-01,Ucayali,3.10548474
2012-09-01,No Registrado,1.01113722159243
2012-09-01,Total,4185.80321481659
2012-10-01,Amazonas,2.92039644
2012-10-01,Ancash,554.65409867
2012-10-01,Apurimac,10.59687347
2012-10-01,Arequipa,274.03354064
2012-10-01,Ayacucho,11.96600118
2012-10-01,Cajamarca,375.26425012
2012-10-01,Callao,340.038611159999
2012-10-01,Cusco,52.71188665
2012-10-01,Huancavelica,24.76491673
2012-10-01,Huanuco,12.93261747
2012-10-01,Ica,340.700194769995
2012-10-01,Junin,65.28094818
2012-10-01,La Libertad,275.16309116
2012-10-01,Lambayeque,54.16357266
2012-10-01,Lima,1091.19701722
2012-10-01,Loreto,1.6693069
2012-10-01,Madre De Dios,7.38320606
2012-10-01,Moquegua,106.41636789
2012-10-01,Pasco,98.90697841
2012-10-01,Piura,283.99709689
2012-10-01,Puno,41.71080468
2012-10-01,San Martin,22.19015084
2012-10-01,Tacna,16.89891484
2012-10-01,Tumbes,12.16209902
2012-10-01,Ucayali,4.94040689
2012-10-01,No Registrado,0.998604342685212
2012-10-01,Total,4083.66195328268
2012-11-01,Amazonas,2.2034058
2012-11-01,Ancash,443.3140497
2012-11-01,Apurimac,6.66259011
2012-11-01,Arequipa,252.48398301
2012-11-01,Ayacucho,11.79186485
2012-11-01,Cajamarca,457.22634267
2012-11-01,Callao,304.57440158000003
2012-11-01,Cusco,49.55214559
2012-11-01,Huancavelica,13.26843922
2012-11-01,Huanuco,7.73020674
2012-11-01,Ica,378.904718209996
2012-11-01,Junin,70.51765903
2012-11-01,La Libertad,287.83724955
2012-11-01,Lambayeque,35.03071892
2012-11-01,Lima,1034.33456517001
2012-11-01,Loreto,1.31446691
2012-11-01,Madre De Dios,11.37762874
2012-11-01,Moquegua,191.26332339
2012-11-01,Pasco,62.46566626
2012-11-01,Piura,311.778749879998
2012-11-01,Puno,37.55956298
2012-11-01,San Martin,20.68806205
2012-11-01,Tacna,22.0816172
2012-11-01,Tumbes,11.36203173
2012-11-01,Ucayali,5.08148158
2012-11-01,No Registrado,0.999214098753328
2012-11-01,Total,4031.40414496875
2012-12-01,Amazonas,2.6023278
2012-12-01,Ancash,353.13543064
2012-12-01,Apurimac,7.59509541
2012-12-01,Arequipa,364.96044294
2012-12-01,Ayacucho,21.06097704
2012-12-01,Cajamarca,365.15664936
2012-12-01,Callao,477.268034699999
2012-12-01,Cusco,68.6459483199999
2012-12-01,Huancavelica,32.1423434
2012-12-01,Huanuco,1.99727561
2012-12-01,Ica,377.596980959998
2012-12-01,Junin,32.84465947
2012-12-01,La Libertad,310.533864869999
2012-12-01,Lambayeque,36.15045551
2012-12-01,Lima,1058.95436001
2012-12-01,Loreto,6.07179295
2012-12-01,Madre De Dios,4.37060278
2012-12-01,Moquegua,207.11346971
2012-12-01,Pasco,110.32922007
2012-12-01,Piura,261.71968387
2012-12-01,Puno,41.76022386
2012-12-01,San Martin,8.35376414
2012-12-01,Tacna,26.955473010000105
2012-12-01,Tumbes,15.78174851
2012-12-01,Ucayali,6.18338784
2012-12-01,No Registrado,0.9985617045176701
2012-12-01,Total,4200.28277448451
2013-01-01,Amazonas,0.71930498
2013-01-01,Ancash,247.42144492
2013-01-01,Apurimac,5.09921826
2013-01-01,Arequipa,297.10870627
2013-01-01,Ayacucho,10.92849367
2013-01-01,Cajamarca,305.327573748
2013-01-01,Callao,217.669834830001
2013-01-01,Cusco,51.10330915
2013-01-01,Huancavelica,21.42658146
2013-01-01,Huanuco,2.26156177
2013-01-01,Ica,442.581848019999
2013-01-01,Junin,26.11537547
2013-01-01,La Libertad,221.06550353
2013-01-01,Lambayeque,17.9942495
2013-01-01,Lima,928.2976556999981
2013-01-01,Loreto,1.75145346
2013-01-01,Madre De Dios,13.49955638
2013-01-01,Moquegua,199.39499455
2013-01-01,Pasco,179.6610394
2013-01-01,Piura,226.235746770001
2013-01-01,Puno,32.41866895
2013-01-01,San Martin,3.56505295
2013-01-01,Tacna,25.40684512
2013-01-01,Tumbes,10.72652253
2013-01-01,Ucayali,4.42156955
2013-01-01,No Registrado,1.01732183495687
2013-01-01,Total,3493.21943277295
2013-02-01,Amazonas,0.66508036
2013-02-01,Ancash,249.79110419
2013-02-01,Apurimac,6.58512858
2013-02-01,Arequipa,202.15531646
2013-02-01,Ayacucho,10.84598612
2013-02-01,Cajamarca,241.381461578
2013-02-01,Callao,252.420225010001
2013-02-01,Cusco,143.90438144
2013-02-01,Huancavelica,13.58426059
2013-02-01,Huanuco,1.64614888
2013-02-01,Ica,365.755714879999
2013-02-01,Junin,76.5317519
2013-02-01,La Libertad,183.17461742
2013-02-01,Lambayeque,12.68008207
2013-02-01,Lima,855.808974999989
2013-02-01,Loreto,1.04763522
2013-02-01,Madre De Dios,5.59832099
2013-02-01,Moquegua,222.6231779
2013-02-01,Pasco,73.2269106
2013-02-01,Piura,246.78605337
2013-02-01,Puno,43.46153677
2013-02-01,San Martin,3.4904862
2013-02-01,Tacna,31.67152103
2013-02-01,Tumbes,12.20979335
2013-02-01,Ucayali,2.82283915
2013-02-01,No Registrado,1.53742554024575
2013-02-01,Total,3261.40593459824
2013-03-01,Amazonas,0.39636158
2013-03-01,Ancash,328.98648132
2013-03-01,Apurimac,0.0899
2013-03-01,Arequipa,341.47266634
2013-03-01,Ayacucho,13.25996772
2013-03-01,Cajamarca,297.718076958
2013-03-01,Callao,294.746114530001
2013-03-01,Cusco,69.87503557
2013-03-01,Huancavelica,8.06602776
2013-03-01,Huanuco,4.02389928
2013-03-01,Ica,364.981940719999
2013-03-01,Junin,90.13157908
2013-03-01,La Libertad,289.28570887
2013-03-01,Lambayeque,15.50926183
2013-03-01,Lima,959.430436129987
2013-03-01,Loreto,3.5874099
2013-03-01,Madre De Dios,9.09502077
2013-03-01,Moquegua,180.36719129
2013-03-01,Pasco,120.93746851
2013-03-01,Piura,240.519831670001
2013-03-01,Puno,63.09240284
2013-03-01,San Martin,3.02937754
2013-03-01,Tacna,39.4807218
2013-03-01,Tumbes,11.07953105
2013-03-01,Ucayali,3.65387424
2013-03-01,No Registrado,0.9990330943946901
2013-03-01,Total,3753.81532039238
2013-04-01,Amazonas,0.55085567
2013-04-01,Ancash,242.26994691
2013-04-01,Apurimac,8.95689533
2013-04-01,Arequipa,261.28611155
2013-04-01,Ayacucho,12.36428825
2013-04-01,Cajamarca,202.457189376
2013-04-01,Callao,176.37325991
2013-04-01,Cusco,61.06638178
2013-04-01,Huancavelica,10.61507248
2013-04-01,Huanuco,15.43408668
2013-04-01,Ica,406.61619001999907
2013-04-01,Junin,88.31231263
2013-04-01,La Libertad,203.64746258
2013-04-01,Lambayeque,19.76499256
2013-04-01,Lima,948.045350629984
2013-04-01,Loreto,2.45451102
2013-04-01,Madre De Dios,11.63583923
2013-04-01,Moquegua,138.0631819
2013-04-01,Pasco,70.31051855
2013-04-01,Piura,259.27788783
2013-04-01,Puno,23.44015368
2013-04-01,San Martin,4.83724585
2013-04-01,Tacna,42.65179563
2013-04-01,Tumbes,13.71950468
2013-04-01,Ucayali,4.00065405
2013-04-01,No Registrado,0.9995422052948019
2013-04-01,Total,3229.15123098128
2013-05-01,Amazonas,0.7741755
2013-05-01,Ancash,335.07773021
2013-05-01,Apurimac,4.23253969
2013-05-01,Arequipa,364.2642725
2013-05-01,Ayacucho,15.26299521
2013-05-01,Cajamarca,261.992380446
2013-05-01,Callao,235.67900316
2013-05-01,Cusco,122.75861211
2013-05-01,Huancavelica,0.48724519
2013-05-01,Huanuco,28.84622545
2013-05-01,Ica,417.87344536999893
2013-05-01,Junin,59.75010979
2013-05-01,La Libertad,244.78628148
2013-05-01,Lambayeque,16.24181618
2013-05-01,Lima,813.790485409992
2013-05-01,Loreto,4.51403712
2013-05-01,Madre De Dios,14.50340662
2013-05-01,Moquegua,183.77040012
2013-05-01,Pasco,98.0121375
2013-05-01,Piura,214.41611699
2013-05-01,Puno,53.17471186
2013-05-01,San Martin,10.64167574
2013-05-01,Tacna,26.39332127
2013-05-01,Tumbes,15.19208534
2013-05-01,Ucayali,3.60543155
2013-05-01,No Registrado,0.999048913742627
2013-05-01,Total,3547.03969071973
2013-06-01,Amazonas,1.52751351
2013-06-01,Ancash,364.16035493
2013-06-01,Apurimac,4.24717857
2013-06-01,Arequipa,303.47345756
2013-06-01,Ayacucho,11.09291169
2013-06-01,Cajamarca,181.727401396
2013-06-01,Callao,268.95674295
2013-06-01,Cusco,108.07457127
2013-06-01,Huancavelica,4.82188457
2013-06-01,Huanuco,23.44109014
2013-06-01,Ica,366.12546946
2013-06-01,Junin,79.5180006
2013-06-01,La Libertad,231.33926098
2013-06-01,Lambayeque,21.4587525
2013-06-01,Lima,796.131315509993
2013-06-01,Loreto,1.94639907
2013-06-01,Madre De Dios,12.00156942
2013-06-01,Moquegua,198.68756333
2013-06-01,Pasco,61.88794491
2013-06-01,Piura,218.96187133
2013-06-01,Puno,25.95299871
2013-06-01,San Martin,15.68212851
2013-06-01,Tacna,24.84613527
2013-06-01,Tumbes,13.19817719
2013-06-01,Ucayali,4.40921681
2013-06-01,No Registrado,0.998885939312004
2013-06-01,Total,3344.66879612531
2013-07-01,Amazonas,2.48556418
2013-07-01,Ancash,365.16556254
2013-07-01,Apurimac,0.5881055
2013-07-01,Arequipa,292.75798283
2013-07-01,Ayacucho,13.30709818
2013-07-01,Cajamarca,157.8464202
2013-07-01,Callao,246.05337086
2013-07-01,Cusco,109.04764072
2013-07-01,Huancavelica,21.72349386
2013-07-01,Huanuco,5.24170237
2013-07-01,Ica,450.457270940003
2013-07-01,Junin,116.57382027
2013-07-01,La Libertad,206.97407292
2013-07-01,Lambayeque,31.82532921
2013-07-01,Lima,870.206266489979
2013-07-01,Loreto,5.70962269
2013-07-01,Madre De Dios,20.05479568
2013-07-01,Moquegua,149.93164113
2013-07-01,Pasco,106.7656995
2013-07-01,Piura,180.00816038
2013-07-01,Puno,20.67721964
2013-07-01,San Martin,16.26421167
2013-07-01,Tacna,35.94661831
2013-07-01,Tumbes,14.71860595
2013-07-01,Ucayali,3.57414391
2013-07-01,No Registrado,0.919588943362214
2013-07-01,Total,3444.82400887334
2013-08-01,Amazonas,1.90953901
2013-08-01,Ancash,579.30764247
2013-08-01,Apurimac,0.3688734
2013-08-01,Arequipa,324.42563325
2013-08-01,Ayacucho,19.28663807
2013-08-01,Cajamarca,260.24406812
2013-08-01,Callao,281.576452909998
2013-08-01,Cusco,48.26729601
2013-08-01,Huancavelica,1.83662661
2013-08-01,Huanuco,4.71588945
2013-08-01,Ica,589.540387179999
2013-08-01,Junin,140.9424534
2013-08-01,La Libertad,271.95992245
2013-08-01,Lambayeque,23.99313557
2013-08-01,Lima,860.742454399996
2013-08-01,Loreto,1.45003605
2013-08-01,Madre De Dios,13.71006283
2013-08-01,Moquegua,315.41744877
2013-08-01,Pasco,83.81411136
2013-08-01,Piura,237.19248604
2013-08-01,Puno,49.0437513
2013-08-01,San Martin,21.84226859
2013-08-01,Tacna,34.64479679
2013-08-01,Tumbes,15.10739193
2013-08-01,Ucayali,3.82791776
2013-08-01,No Registrado,0.9534476255148551
2013-08-01,Total,4186.12073134551
2013-09-01,Amazonas,1.11621323
2013-09-01,Ancash,425.09557513
2013-09-01,Apurimac,4.4332213
2013-09-01,Arequipa,314.26282858
2013-09-01,Ayacucho,20.14451095
2013-09-01,Cajamarca,164.69960226
2013-09-01,Callao,311.73544493000003
2013-09-01,Cusco,133.4808916
2013-09-01,Huancavelica,21.52723184
2013-09-01,Huanuco,15.81898747
2013-09-01,Ica,475.76900629
2013-09-01,Junin,94.25585023
2013-09-01,La Libertad,217.38648338
2013-09-01,Lambayeque,27.33958435
2013-09-01,Lima,836.318697589995
2013-09-01,Loreto,2.10073521
2013-09-01,Madre De Dios,7.24215323
2013-09-01,Moquegua,153.93582354
2013-09-01,Pasco,127.87758554
2013-09-01,Piura,191.474124400001
2013-09-01,Puno,31.13251087
2013-09-01,San Martin,10.46236859
2013-09-01,Tacna,26.1252342
2013-09-01,Tumbes,15.2425865
2013-09-01,Ucayali,3.19437482
2013-09-01,No Registrado,0.821970085005432
2013-09-01,Total,3632.993596115
2013-10-01,Amazonas,0.98198188
2013-10-01,Ancash,380.41036388
2013-10-01,Apurimac,4.42332489
2013-10-01,Arequipa,324.13926776
2013-10-01,Ayacucho,18.46222119
2013-10-01,Cajamarca,190.423718442
2013-10-01,Callao,213.589016029999
2013-10-01,Cusco,114.97299137
2013-10-01,Huancavelica,4.15524744
2013-10-01,Huanuco,3.79548521
2013-10-01,Ica,484.438247509999
2013-10-01,Junin,106.80631474
2013-10-01,La Libertad,243.28148011
2013-10-01,Lambayeque,30.58456925
2013-10-01,Lima,781.488594779981
2013-10-01,Loreto,6.52414499
2013-10-01,Madre De Dios,14.45404066
2013-10-01,Moquegua,326.2952296
2013-10-01,Pasco,60.13997442
2013-10-01,Piura,252.268367499999
2013-10-01,Puno,41.96014655
2013-10-01,San Martin,12.57401898
2013-10-01,Tacna,37.96560616
2013-10-01,Tumbes,15.02853991
2013-10-01,Ucayali,4.12012295
2013-10-01,No Registrado,0.8442983649592861
2013-10-01,Total,3674.12731456694
2013-11-01,Amazonas,1.26575567
2013-11-01,Ancash,368.71703564
2013-11-01,Apurimac,4.76440067
2013-11-01,Arequipa,270.68362899
2013-11-01,Ayacucho,22.55899396
2013-11-01,Cajamarca,153.667191372
2013-11-01,Callao,232.10520047
2013-11-01,Cusco,82.53282205
2013-11-01,Huancavelica,2.10006541
2013-11-01,Huanuco,3.8383437
2013-11-01,Ica,430.260090009999
2013-11-01,Junin,93.44623143
2013-11-01,La Libertad,239.3288893
2013-11-01,Lambayeque,34.56410396
2013-11-01,Lima,832.5326197774209
2013-11-01,Loreto,3.75100107
2013-11-01,Madre De Dios,8.09866399
2013-11-01,Moquegua,126.55605277
2013-11-01,Pasco,105.7831638
2013-11-01,Piura,307.497090010001
2013-11-01,Puno,46.91286522
2013-11-01,San Martin,10.29138933
2013-11-01,Tacna,24.90767277
2013-11-01,Tumbes,18.34030675
2013-11-01,Ucayali,4.75432509
2013-11-01,No Registrado,0
2013-11-01,Total,3429.25790320942
2013-12-01,Amazonas,0.56365686
2013-12-01,Ancash,433.15808248
2013-12-01,Apurimac,3.69546517
2013-12-01,Arequipa,420.80520792
2013-12-01,Ayacucho,16.25172987
2013-12-01,Cajamarca,139.720752732
2013-12-01,Callao,360.411801090003
2013-12-01,Cusco,48.77804384
2013-12-01,Huancavelica,2.36358544
2013-12-01,Huanuco,5.95310442
2013-12-01,Ica,481.508371530001
2013-12-01,Junin,83.13505578
2013-12-01,La Libertad,314.40826705
2013-12-01,Lambayeque,43.66558004
2013-12-01,Lima,795.049482367256
2013-12-01,Loreto,2.72207315
2013-12-01,Madre De Dios,25.27460442
2013-12-01,Moquegua,220.86082322
2013-12-01,Pasco,76.10264163
2013-12-01,Piura,285.442603100001
2013-12-01,Puno,33.26281595
2013-12-01,San Martin,6.48919823
2013-12-01,Tacna,42.18591955
2013-12-01,Tumbes,18.7212931
2013-12-01,Ucayali,3.48247551
2013-12-01,No Registrado,0
2013-12-01,Total,3864.01263444926
2014-01-01,Amazonas,0.37948916
2014-01-01,Ancash,309.39249291
2014-01-01,Apurimac,0.001387
2014-01-01,Arequipa,280.0370118
2014-01-01,Ayacucho,11.11256882
2014-01-01,Cajamarca,244.505913738
2014-01-01,Callao,198.260390089999
2014-01-01,Cusco,117.5067649
2014-01-01,Huancavelica,3.99113244
2014-01-01,Huanuco,12.59156381
2014-01-01,Ica,376.704237460001
2014-01-01,Junin,68.78651243
2014-01-01,La Libertad,220.30277745
2014-01-01,Lambayeque,26.26337656
2014-01-01,Lima,679.229948999996
2014-01-01,Loreto,3.1193127
2014-01-01,Madre De Dios,4.0332989
2014-01-01,Moquegua,179.67148262
2014-01-01,Pasco,75.84774311
2014-01-01,Piura,249.84839167
2014-01-01,Puno,39.11188727
2014-01-01,San Martin,4.46794587
2014-01-01,Tacna,37.29323988
2014-01-01,Tumbes,22.02041266
2014-01-01,Ucayali,3.25854287
2014-01-01,No Registrado,0.998925503775354
2014-01-01,Total,3168.7367506217706
2014-02-01,Amazonas,0.13304848
2014-02-01,Ancash,371.1249728
2014-02-01,Apurimac,4.2174015
2014-02-01,Arequipa,189.48966307
2014-02-01,Ayacucho,17.32315085
2014-02-01,Cajamarca,262.446775688
2014-02-01,Callao,305.697274769998
2014-02-01,Cusco,100.69157687
2014-02-01,Huancavelica,10.05097968
2014-02-01,Huanuco,8.63947307
2014-02-01,Ica,410.694530720001
2014-02-01,Junin,80.83122901
2014-02-01,La Libertad,195.12192126
2014-02-01,Lambayeque,21.51795829
2014-02-01,Lima,713.521297949987
2014-02-01,Loreto,6.64774303
2014-02-01,Madre De Dios,1.42509487
2014-02-01,Moquegua,212.64260481
2014-02-01,Pasco,67.97587147
2014-02-01,Piura,282.651988879999
2014-02-01,Puno,16.53367483
2014-02-01,San Martin,3.23627183
2014-02-01,Tacna,27.30496053
2014-02-01,Tumbes,16.01457318
2014-02-01,Ucayali,3.32740542
2014-02-01,No Registrado,0.998635791037941
2014-02-01,Total,3330.26007864902
2014-03-01,Amazonas,1.5015e-4
2014-03-01,Ancash,359.12115202
2014-03-01,Apurimac,7.38358495
2014-03-01,Arequipa,287.52428825
2014-03-01,Ayacucho,25.65591111
2014-03-01,Cajamarca,222.090071618
2014-03-01,Callao,272.361298709999
2014-03-01,Cusco,29.99738185
2014-03-01,Huancavelica,16.61041092
2014-03-01,Huanuco,1.65991384
2014-03-01,Ica,386.25658047
2014-03-01,Junin,97.06891957
2014-03-01,La Libertad,265.10866195
2014-03-01,Lambayeque,20.71450595
2014-03-01,Lima,725.958385389989
2014-03-01,Loreto,2.35269441
2014-03-01,Madre De Dios,3.42354633
2014-03-01,Moquegua,143.98017039
2014-03-01,Pasco,76.42863846
2014-03-01,Piura,258.980887849999
2014-03-01,Puno,23.84845099
2014-03-01,San Martin,1.950025
2014-03-01,Tacna,28.5013909
2014-03-01,Tumbes,18.43891534
2014-03-01,Ucayali,4.32392127
2014-03-01,No Registrado,0.9991819096035212
2014-03-01,Total,3280.73903959759
2014-04-01,Amazonas,0.51284196
2014-04-01,Ancash,227.03591396
2014-04-01,Apurimac,3.90331112
2014-04-01,Arequipa,216.98782843
2014-04-01,Ayacucho,27.92448656
2014-04-01,Cajamarca,230.124983152
2014-04-01,Callao,269.994238759999
2014-04-01,Cusco,106.71180348
2014-04-01,Huancavelica,0.27067548
2014-04-01,Huanuco,10.98080168
2014-04-01,Ica,330.505249150002
2014-04-01,Junin,80.33400883
2014-04-01,La Libertad,180.57894043
2014-04-01,Lambayeque,18.08570292
2014-04-01,Lima,714.617711549989
2014-04-01,Loreto,2.62064438
2014-04-01,Madre De Dios,3.60062889
2014-04-01,Moquegua,248.07179843
2014-04-01,Pasco,97.15940361
2014-04-01,Piura,274.26014843
2014-04-01,Puno,21.16065464
2014-04-01,San Martin,3.25946808
2014-04-01,Tacna,37.07433001
2014-04-01,Tumbes,17.50073173
2014-04-01,Ucayali,2.89088126
2014-04-01,No Registrado,0.9985182050540972
2014-04-01,Total,3127.16570512704
2014-05-01,Amazonas,0.1182045
2014-05-01,Ancash,218.49044516
2014-05-01,Apurimac,0.12506083
2014-05-01,Arequipa,310.29601927
2014-05-01,Ayacucho,16.17717012
2014-05-01,Cajamarca,222.358949682
2014-05-01,Callao,223.446006069999
2014-05-01,Cusco,108.2776512
2014-05-01,Huancavelica,10.33641902
2014-05-01,Huanuco,9.48834265
2014-05-01,Ica,430.261940830001
2014-05-01,Junin,85.05655249
2014-05-01,La Libertad,251.89146772
2014-05-01,Lambayeque,28.70724801
2014-05-01,Lima,664.231818370007
2014-05-01,Loreto,7.4594824100000094
2014-05-01,Madre De Dios,5.70269991
2014-05-01,Moquegua,200.01977535
2014-05-01,Pasco,69.17886558
2014-05-01,Piura,181.64102933
2014-05-01,Puno,18.90342657
2014-05-01,San Martin,7.60305203
2014-05-01,Tacna,35.6672626300001
2014-05-01,Tumbes,16.56125327
2014-05-01,Ucayali,3.15403589
2014-05-01,No Registrado,0.998943031423551
2014-05-01,Total,3126.15312192343
2014-06-01,Amazonas,0.388795
2014-06-01,Ancash,253.21917613
2014-06-01,Apurimac,3.81292947
2014-06-01,Arequipa,273.03748628
2014-06-01,Ayacucho,16.49327527
2014-06-01,Cajamarca,260.89935665
2014-06-01,Callao,229.719746939999
2014-06-01,Cusco,80.92134697
2014-06-01,Huancavelica,6.04473385
2014-06-01,Huanuco,12.3872136
2014-06-01,Ica,382.682886499999
2014-06-01,Junin,65.31933611
2014-06-01,La Libertad,232.43292932
2014-06-01,Lambayeque,31.39057504
2014-06-01,Lima,751.9623131799868
2014-06-01,Loreto,1.68591913
2014-06-01,Madre De Dios,4.95794638
2014-06-01,Moquegua,179.23805846
2014-06-01,Pasco,73.34629395
2014-06-01,Piura,280.20756769
2014-06-01,Puno,43.213016
2014-06-01,San Martin,14.58716812
2014-06-01,Tacna,21.70876654
2014-06-01,Tumbes,14.82391583
2014-06-01,Ucayali,2.60749299
2014-06-01,No Registrado,0.9993864196694631
2014-06-01,Total,3238.08763181966
2014-07-01,Amazonas,0.235755
2014-07-01,Ancash,246.13645038
2014-07-01,Apurimac,3.83768372
2014-07-01,Arequipa,256.14598684
2014-07-01,Ayacucho,25.2052303
2014-07-01,Cajamarca,233.108140178
2014-07-01,Callao,274.077065999999
2014-07-01,Cusco,150.50593876
2014-07-01,Huancavelica,9.27881002
2014-07-01,Huanuco,3.0147659
2014-07-01,Ica,417.547338929998
2014-07-01,Junin,55.92235355
2014-07-01,La Libertad,227.585159700001
2014-07-01,Lambayeque,34.44270699
2014-07-01,Lima,840.7852686
2014-07-01,Loreto,2.81329997
2014-07-01,Madre De Dios,7.93623135
2014-07-01,Moquegua,216.79169364
2014-07-01,Pasco,58.28975199
2014-07-01,Piura,184.3687615
2014-07-01,Puno,44.45568022
2014-07-01,San Martin,17.44005427
2014-07-01,Tacna,37.27645842
2014-07-01,Tumbes,14.77422615
2014-07-01,Ucayali,2.78901748
2014-07-01,No Registrado,0.999206462204256
2014-07-01,Total,3365.7630363202
2014-08-01,Amazonas,0.20410943
2014-08-01,Ancash,308.83803109
2014-08-01,Apurimac,2.52852499
2014-08-01,Arequipa,279.81557521
2014-08-01,Ayacucho,30.2598696
2014-08-01,Cajamarca,264.065658708
2014-08-01,Callao,300.589807710001
2014-08-01,Cusco,126.42080011
2014-08-01,Huancavelica,12.08147086
2014-08-01,Huanuco,6.73035091
2014-08-01,Ica,304.087532129999
2014-08-01,Junin,87.50480657
2014-08-01,La Libertad,243.020207560001
2014-08-01,Lambayeque,41.11339488
2014-08-01,Lima,880.409690719981
2014-08-01,Loreto,7.91626492
2014-08-01,Madre De Dios,12.86571568
2014-08-01,Moquegua,197.93388436
2014-08-01,Pasco,128.47162499
2014-08-01,Piura,256.53418091
2014-08-01,Puno,43.77758113
2014-08-01,San Martin,26.95077707
2014-08-01,Tacna,46.0172861300001
2014-08-01,Tumbes,12.37965636
2014-08-01,Ucayali,2.09110773
2014-08-01,No Registrado,0.998881386544781
2014-08-01,Total,3623.60679114453
2014-09-01,Amazonas,0.34419551
2014-09-01,Ancash,210.56795233
2014-09-01,Apurimac,2.49123754
2014-09-01,Arequipa,219.4024175
2014-09-01,Ayacucho,22.30860039
2014-09-01,Cajamarca,303.515521158
2014-09-01,Callao,196.493832989999
2014-09-01,Cusco,136.38008877
2014-09-01,Huancavelica,8.19914286
2014-09-01,Huanuco,6.38044114
2014-09-01,Ica,398.473873199998
2014-09-01,Junin,60.78147087
2014-09-01,La Libertad,186.70080438
2014-09-01,Lambayeque,47.46074932
2014-09-01,Lima,856.163223389991
2014-09-01,Loreto,6.03145423
2014-09-01,Madre De Dios,14.53104101
2014-09-01,Moquegua,275.80394355
2014-09-01,Pasco,74.96396921
2014-09-01,Piura,215.23728372
2014-09-01,Puno,49.55411067
2014-09-01,San Martin,27.29314744
2014-09-01,Tacna,34.3219027200001
2014-09-01,Tumbes,17.13397118
2014-09-01,Ucayali,3.10977505
2014-09-01,No Registrado,0.997890574830762
2014-09-01,Total,3374.64204070282
2014-10-01,Amazonas,0.20340305
2014-10-01,Ancash,273.17086454
2014-10-01,Apurimac,2.57131715
2014-10-01,Arequipa,247.52526229
2014-10-01,Ayacucho,21.48125896
2014-10-01,Cajamarca,261.146039643
2014-10-01,Callao,202.20022026
2014-10-01,Cusco,107.37828659
2014-10-01,Huancavelica,6.28054199
2014-10-01,Huanuco,16.86900503
2014-10-01,Ica,324.137434500001
2014-10-01,Junin,63.63529126
2014-10-01,La Libertad,218.90674506
2014-10-01,Lambayeque,54.9187090799999
2014-10-01,Lima,947.9843116999812
2014-10-01,Loreto,1.45479542
2014-10-01,Madre De Dios,19.62726057
2014-10-01,Moquegua,154.52388711
2014-10-01,Pasco,82.172281280000007
2014-10-01,Piura,242.03089523
2014-10-01,Puno,35.01027117
2014-10-01,San Martin,22.77209232
2014-10-01,Tacna,38.19030172
2014-10-01,Tumbes,14.35722378
2014-10-01,Ucayali,3.31024459
2014-10-01,No Registrado,0.9992442257162111
2014-10-01,Total,3362.8571885187
2014-11-01,Amazonas,0.51117878
2014-11-01,Ancash,243.95208898
2014-11-01,Apurimac,2.66734601
2014-11-01,Arequipa,235.54428049
2014-11-01,Ayacucho,19.44782077
2014-11-01,Cajamarca,273.172389643
2014-11-01,Callao,225.617139390002
2014-11-01,Cusco,95.67806899
2014-11-01,Huancavelica,1.39465108
2014-11-01,Huanuco,1.05893757
2014-11-01,Ica,320.653066219999
2014-11-01,Junin,74.71351894
2014-11-01,La Libertad,215.13235304
2014-11-01,Lambayeque,59.98847181
2014-11-01,Lima,786.06019524998
2014-11-01,Loreto,2.75852818
2014-11-01,Madre De Dios,14.69787491
2014-11-01,Moquegua,153.66179959
2014-11-01,Pasco,87.99282815
2014-11-01,Piura,263.70701215
2014-11-01,Puno,14.75721195
2014-11-01,San Martin,19.65297165
2014-11-01,Tacna,27.57779404
2014-11-01,Tumbes,10.40343289
2014-11-01,Ucayali,3.11144461
2014-11-01,No Registrado,0.992982620842668
2014-11-01,Total,3154.90538770382
2014-12-01,Amazonas,0.88290036
2014-12-01,Ancash,264.34321054
2014-12-01,Apurimac,0.1007769
2014-12-01,Arequipa,274.72144205
2014-12-01,Ayacucho,8.30678866
2014-12-01,Cajamarca,260.950082083
2014-12-01,Callao,266.892902610001
2014-12-01,Cusco,86.72346844
2014-12-01,Huancavelica,3.31649043
2014-12-01,Huanuco,14.75971114
2014-12-01,Ica,326.60176521
2014-12-01,Junin,65.09939079
2014-12-01,La Libertad,263.117640300001
2014-12-01,Lambayeque,51.69780651
2014-12-01,Lima,790.527070659996
2014-12-01,Loreto,10.04295492
2014-12-01,Madre De Dios,6.59799652
2014-12-01,Moquegua,237.32735916
2014-12-01,Pasco,70.65350058
2014-12-01,Piura,278.73500035
2014-12-01,Puno,46.98541128
2014-12-01,San Martin,11.8642687
2014-12-01,Tacna,20.3628051
2014-12-01,Tumbes,14.7903153
2014-12-01,Ucayali,3.36533713
2014-12-01,No Registrado,0.999718515565291
2014-12-01,Total,3379.76611423856
2015-01-01,Amazonas,0.31302327
2015-01-01,Ancash,188.66511854
2015-01-01,Apurimac,2.54999988
2015-01-01,Arequipa,216.87518886
2015-01-01,Ayacucho,17.7886498
2015-01-01,Cajamarca,230.392781994
2015-01-01,Callao,309.28353647
2015-01-01,Cusco,55.15168205
2015-01-01,Huancavelica,1.07479005
2015-01-01,Huanuco,9.87867324
2015-01-01,Ica,360.087398350001
2015-01-01,Junin,48.70706664
2015-01-01,La Libertad,158.04975539
2015-01-01,Lambayeque,23.93439785
2015-01-01,Lima,650.45990157
2015-01-01,Loreto,1.54236434
2015-01-01,Madre De Dios,6.28993569
2015-01-01,Moquegua,129.35770081
2015-01-01,Pasco,75.04591672
2015-01-01,Piura,201.50817578
2015-01-01,Puno,76.37507757999991
2015-01-01,San Martin,5.76671482
2015-01-01,Tacna,37.0053344000001
2015-01-01,Tumbes,11.82152061
2015-01-01,Ucayali,2.48512392
2015-01-01,No Registrado,1.8573102984783
2015-01-01,Total,2822.26713892248
2015-02-01,Amazonas,0.56386332
2015-02-01,Ancash,207.50470291
2015-02-01,Apurimac,0.24250948
2015-02-01,Arequipa,184.05095819
2015-02-01,Ayacucho,10.79877557
2015-02-01,Cajamarca,187.721881745
2015-02-01,Callao,268.28920941
2015-02-01,Cusco,61.4635253000001
2015-02-01,Huancavelica,4.98601209
2015-02-01,Huanuco,1.98137001
2015-02-01,Ica,247.555899220001
2015-02-01,Junin,51.15753791
2015-02-01,La Libertad,242.07717376
2015-02-01,Lambayeque,28.9887064
2015-02-01,Lima,597.193143660009
2015-02-01,Loreto,1.29725372
2015-02-01,Madre De Dios,12.79034133
2015-02-01,Moquegua,160.8917584
2015-02-01,Pasco,56.27706969
2015-02-01,Piura,210.10314513
2015-02-01,Puno,42.30530072
2015-02-01,San Martin,3.53657667
2015-02-01,Tacna,29.18728289
2015-02-01,Tumbes,11.38955446
2015-02-01,Ucayali,3.39234278
2015-02-01,No Registrado,0.999106414732523
2015-02-01,Total,2626.74500117974
2015-03-01,Amazonas,0
2015-03-01,Ancash,200.5472894
2015-03-01,Apurimac,2.37715756
2015-03-01,Arequipa,232.96843277
2015-03-01,Ayacucho,32.65590199
2015-03-01,Cajamarca,186.212994462
2015-03-01,Callao,214.528339719999
2015-03-01,Cusco,69.16763735
2015-03-01,Huancavelica,7.38522122
2015-03-01,Huanuco,10.56885524
2015-03-01,Ica,243.89837276
2015-03-01,Junin,66.17531025
2015-03-01,La Libertad,195.40996786
2015-03-01,Lambayeque,24.17215801
2015-03-01,Lima,652.151352609993
2015-03-01,Loreto,5.83560982
2015-03-01,Madre De Dios,17.30291581
2015-03-01,Moquegua,174.48921187
2015-03-01,Pasco,94.16366745
2015-03-01,Piura,167.3417909
2015-03-01,Puno,52.7052747
2015-03-01,San Martin,3.83918458
2015-03-01,Tacna,27.35471247
2015-03-01,Tumbes,12.97012427
2015-03-01,Ucayali,3.58712564
2015-03-01,No Registrado,0.999385977652764
2015-03-01,Total,2698.80799468964
2015-04-01,Amazonas,0.0843838
2015-04-01,Ancash,156.21822295
2015-04-01,Apurimac,4.57893845
2015-04-01,Arequipa,218.1932616
2015-04-01,Ayacucho,12.687478
2015-04-01,Cajamarca,198.966024726
2015-04-01,Callao,194.978309659999
2015-04-01,Cusco,96.60363466
2015-04-01,Huancavelica,0.42756425
2015-04-01,Huanuco,2.29639835
2015-04-01,Ica,211.63158251
2015-04-01,Junin,82.0349111
2015-04-01,La Libertad,196.42956158
2015-04-01,Lambayeque,25.35004336
2015-04-01,Lima,577.430164370002
2015-04-01,Loreto,1.65893387
2015-04-01,Madre De Dios,16.58874084
2015-04-01,Moquegua,121.57605194
2015-04-01,Pasco,59.7486595
2015-04-01,Piura,137.4742181
2015-04-01,Puno,68.42519689
2015-04-01,San Martin,3.58446166
2015-04-01,Tacna,23.77347625
2015-04-01,Tumbes,7.39789079
2015-04-01,Ucayali,2.36330467
2015-04-01,No Registrado,0.999254898811159
2015-04-01,Total,2421.50066877481
2015-05-01,Amazonas,0.1823377
2015-05-01,Ancash,222.5696251
2015-05-01,Apurimac,2.32152948
2015-05-01,Arequipa,166.3879251
2015-05-01,Ayacucho,14.51493256
2015-05-01,Cajamarca,186.153512227
2015-05-01,Callao,203.581985429999
2015-05-01,Cusco,104.41167358
2015-05-01,Huancavelica,5.02380983
2015-05-01,Huanuco,9.13948065
2015-05-01,Ica,179.85020752
2015-05-01,Junin,98.62510815
2015-05-01,La Libertad,190.65894192
2015-05-01,Lambayeque,40.2871376599999
2015-05-01,Lima,657.828657460003
2015-05-01,Loreto,1.54920303
2015-05-01,Madre De Dios,21.27293312
2015-05-01,Moquegua,134.73812992
2015-05-01,Pasco,133.23025679
2015-05-01,Piura,174.1559119
2015-05-01,Puno,61.69539406
2015-05-01,San Martin,5.61037656
2015-05-01,Tacna,33.22038911
2015-05-01,Tumbes,10.76637527
2015-05-01,Ucayali,3.30953861
2015-05-01,No Registrado,0.9990129906045692
2015-05-01,Total,2662.08438572761
2015-06-01,Amazonas,0.2343731
2015-06-01,Ancash,302.24960073
2015-06-01,Apurimac,2.07941072
2015-06-01,Arequipa,265.02481395
2015-06-01,Ayacucho,20.31217791
2015-06-01,Cajamarca,158.434418418
2015-06-01,Callao,333.007904960005
2015-06-01,Cusco,134.06762935
2015-06-01,Huancavelica,6.20696343
2015-06-01,Huanuco,13.33356817
2015-06-01,Ica,313.83297014
2015-06-01,Junin,107.05603975
2015-06-01,La Libertad,241.825246330001
2015-06-01,Lambayeque,33.7709995499999
2015-06-01,Lima,726.950905799992
2015-06-01,Loreto,5.84044626
2015-06-01,Madre De Dios,20.13612431
2015-06-01,Moquegua,143.06704958
2015-06-01,Pasco,72.23237854
2015-06-01,Piura,162.99833562
2015-06-01,Puno,86.9065439499999
2015-06-01,San Martin,8.96521959
2015-06-01,Tacna,26.06582278
2015-06-01,Tumbes,11.05696863
2015-06-01,Ucayali,2.68614634
2015-06-01,No Registrado,0.9990810316066931
2015-06-01,Total,3199.3411389396
2015-07-01,Amazonas,1.20911032
2015-07-01,Ancash,228.62363846
2015-07-01,Apurimac,9.02266684
2015-07-01,Arequipa,224.08719261
2015-07-01,Ayacucho,27.94630732
2015-07-01,Cajamarca,249.381904561
2015-07-01,Callao,250.907235309999
2015-07-01,Cusco,94.14066334
2015-07-01,Huancavelica,8.80116922
2015-07-01,Huanuco,16.02270533
2015-07-01,Ica,233.758303769999
2015-07-01,Junin,86.49223196
2015-07-01,La Libertad,240.776930200001
2015-07-01,Lambayeque,36.16058647
2015-07-01,Lima,670.111173839993
2015-07-01,Loreto,3.44004251
2015-07-01,Madre De Dios,17.51278803
2015-07-01,Moquegua,122.66364782
2015-07-01,Pasco,72.79304252
2015-07-01,Piura,138.35092098
2015-07-01,Puno,77.02406805
2015-07-01,San Martin,8.51954286
2015-07-01,Tacna,25.84758931
2015-07-01,Tumbes,12.09582756
2015-07-01,Ucayali,2.32684856
2015-07-01,No Registrado,0.999706355560647
2015-07-01,Total,2859.01584410655
2015-08-01,Amazonas,0.85103048
2015-08-01,Ancash,301.66901856
2015-08-01,Apurimac,8.15171065
2015-08-01,Arequipa,235.45503654
2015-08-01,Ayacucho,28.86041002
2015-08-01,Cajamarca,212.173154215
2015-08-01,Callao,303.150055479999
2015-08-01,Cusco,71.8888127999999
2015-08-01,Huancavelica,14.62538281
2015-08-01,Huanuco,20.72456854
2015-08-01,Ica,272.212421739999
2015-08-01,Junin,72.49507877
2015-08-01,La Libertad,196.79358825
2015-08-01,Lambayeque,36.52980706
2015-08-01,Lima,667.614333230001
2015-08-01,Loreto,9.94315466999999
2015-08-01,Madre De Dios,19.19092193
2015-08-01,Moquegua,237.75181458
2015-08-01,Pasco,88.50557759
2015-08-01,Piura,130.32011475
2015-08-01,Puno,72.1760215899999
2015-08-01,San Martin,8.45142702
2015-08-01,Tacna,29.76478643
2015-08-01,Tumbes,9.35267975
2015-08-01,Ucayali,2.18239622
2015-08-01,No Registrado,0.25391310647683
2015-08-01,Total,3051.08721678148
2015-09-01,Amazonas,1.56033332
2015-09-01,Ancash,189.26182911
2015-09-01,Apurimac,9.67275945
2015-09-01,Arequipa,300.34784414
2015-09-01,Ayacucho,25.47481136
2015-09-01,Cajamarca,227.318119928
2015-09-01,Callao,274.776217079999
2015-09-01,Cusco,78.90912671
2015-09-01,Huancavelica,4.65193004
2015-09-01,Huanuco,8.34857243
2015-09-01,Ica,175.7924367
2015-09-01,Junin,79.85465433
2015-09-01,La Libertad,201.53664356
2015-09-01,Lambayeque,49.326255
2015-09-01,Lima,618.495548479997
2015-09-01,Loreto,2.94951147
2015-09-01,Madre De Dios,13.78445101
2015-09-01,Moquegua,79.77664616
2015-09-01,Pasco,85.93804183
2015-09-01,Piura,155.20604827
2015-09-01,Puno,96.29127697
2015-09-01,San Martin,13.20736017
2015-09-01,Tacna,24.32220106
2015-09-01,Tumbes,9.30262153
2015-09-01,Ucayali,1.91824354
2015-09-01,No Registrado,0.9991228182320809
2015-09-01,Total,2729.0226064662306
2015-10-01,Amazonas,1.25644691
2015-10-01,Ancash,268.95688619
2015-10-01,Apurimac,13.50578531
2015-10-01,Arequipa,291.88509218
2015-10-01,Ayacucho,12.42843384
2015-10-01,Cajamarca,225.684450454
2015-10-01,Callao,223.649895270001
2015-10-01,Cusco,97.38893842
2015-10-01,Huancavelica,2.80972609
2015-10-01,Huanuco,18.80147221
2015-10-01,Ica,229.97805594
2015-10-01,Junin,69.26471608
2015-10-01,La Libertad,244.23946041
2015-10-01,Lambayeque,57.68473797
2015-10-01,Lima,677.157138389993
2015-10-01,Loreto,3.87579403
2015-10-01,Madre De Dios,7.60141103
2015-10-01,Moquegua,214.96882467
2015-10-01,Pasco,64.51700573
2015-10-01,Piura,207.890954839999
2015-10-01,Puno,132.34128998
2015-10-01,San Martin,7.16043771
2015-10-01,Tacna,27.4476940299999
2015-10-01,Tumbes,10.43218453
2015-10-01,Ucayali,1.68914719
2015-10-01,No Registrado,0.999256706316373
2015-10-01,Total,3113.61523611031
2015-11-01,Amazonas,1.54550933
2015-11-01,Ancash,241.61998471
2015-11-01,Apurimac,12.76991996
2015-11-01,Arequipa,344.00424076
2015-11-01,Ayacucho,13.34746368
2015-11-01,Cajamarca,180.585205373
2015-11-01,Callao,173.647533290001
2015-11-01,Cusco,173.53551257
2015-11-01,Huancavelica,21.32501758
2015-11-01,Huanuco,9.96008103
2015-11-01,Ica,246.40693489
2015-11-01,Junin,83.9919338
2015-11-01,La Libertad,187.68451718
2015-11-01,Lambayeque,65.1510467599999
2015-11-01,Lima,600.375822630001
2015-11-01,Loreto,5.04166878
2015-11-01,Madre De Dios,6.44684855
2015-11-01,Moquegua,109.90100285
2015-11-01,Pasco,88.76128727
2015-11-01,Piura,264.13259745
2015-11-01,Puno,75.3822378599999
2015-11-01,San Martin,9.44352544
2015-11-01,Tacna,19.51626398
2015-11-01,Tumbes,7.87934604
2015-11-01,Ucayali,2.25165026
2015-11-01,No Registrado,0.9988348843326089
2015-11-01,Total,2945.70598690733
2015-12-01,Amazonas,0.95051254
2015-12-01,Ancash,254.83994063
2015-12-01,Apurimac,6.52807172
2015-12-01,Arequipa,417.684744
2015-12-01,Ayacucho,16.27385014
2015-12-01,Cajamarca,205.320831426
2015-12-01,Callao,228.896715059999
2015-12-01,Cusco,115.85679538
2015-12-01,Huancavelica,19.27848047
2015-12-01,Huanuco,9.28514191
2015-12-01,Ica,311.42035269
2015-12-01,Junin,120.63242779
2015-12-01,La Libertad,258.12922594
2015-12-01,Lambayeque,52.1562662399999
2015-12-01,Lima,648.695451889995
2015-12-01,Loreto,2.48912936
2015-12-01,Madre De Dios,4.49090094
2015-12-01,Moquegua,141.08097231
2015-12-01,Pasco,109.81513593
2015-12-01,Piura,228.97943245
2015-12-01,Puno,93.9935620799998
2015-12-01,San Martin,5.6676656
2015-12-01,Tacna,20.25811957
2015-12-01,Tumbes,10.16493452
2015-12-01,Ucayali,1.98833092
2015-12-01,No Registrado,0.284315194387545
2015-12-01,Total,3285.16130670038
2016-01-01,Amazonas,0.53176831
2016-01-01,Ancash,134.10323884
2016-01-01,Apurimac,42.96538828
2016-01-01,Arequipa,277.59382019
2016-01-01,Ayacucho,9.75658017
2016-01-01,Cajamarca,161.924334907446
2016-01-01,Callao,136.41761458
2016-01-01,Cusco,59.22680307
2016-01-01,Huancavelica,5.45346416
2016-01-01,Huanuco,17.92254778
2016-01-01,Ica,241.66454997
2016-01-01,Junin,39.52835485
2016-01-01,La Libertad,182.27932729
2016-01-01,Lambayeque,29.34312251
2016-01-01,Lima,536.601691140002
2016-01-01,Loreto,1.95911141
2016-01-01,Madre De Dios,1.52031931
2016-01-01,Moquegua,182.68279619
2016-01-01,Pasco,34.77550853
2016-01-01,Piura,204.72881525
2016-01-01,Puno,128.13120404
2016-01-01,San Martin,2.61005074
2016-01-01,Tacna,29.3360063
2016-01-01,Tumbes,10.16946055
2016-01-01,Ucayali,2.71022127
2016-01-01,No Registrado,0.957521985194944
2016-01-01,Total,2474.89362162264
2016-02-01,Amazonas,0.68969472
2016-02-01,Ancash,223.56649593
2016-02-01,Apurimac,38.08898201
2016-02-01,Arequipa,330.37041969
2016-02-01,Ayacucho,10.16594984
2016-02-01,Cajamarca,145.508588249044
2016-02-01,Callao,206.984261729998
2016-02-01,Cusco,67.17586844
2016-02-01,Huancavelica,1.81405262
2016-02-01,Huanuco,11.13575941
2016-02-01,Ica,188.19590368
2016-02-01,Junin,44.40016153
2016-02-01,La Libertad,162.05276746
2016-02-01,Lambayeque,24.84367316
2016-02-01,Lima,575.519888179997
2016-02-01,Loreto,1.35578151
2016-02-01,Madre De Dios,3.35304788
2016-02-01,Moquegua,70.16706452
2016-02-01,Pasco,68.85401481
2016-02-01,Piura,144.56025083
2016-02-01,Puno,98.61032326
2016-02-01,San Martin,2.05606912
2016-02-01,Tacna,23.49930167
2016-02-01,Tumbes,10.68962921
2016-02-01,Ucayali,2.18956372
2016-02-01,No Registrado,0.957943232974685
2016-02-01,Total,2456.80545641201
2016-03-01,Amazonas,0
2016-03-01,Ancash,215.84130881
2016-03-01,Apurimac,54.54824025
2016-03-01,Arequipa,383.988885439999
2016-03-01,Ayacucho,26.14325834
2016-03-01,Cajamarca,244.396599762193
2016-03-01,Callao,305.508372749999
2016-03-01,Cusco,79.06621112
2016-03-01,Huancavelica,3.79373209
2016-03-01,Huanuco,6.05145868
2016-03-01,Ica,211.27268534
2016-03-01,Junin,47.76665609
2016-03-01,La Libertad,176.590314449999
2016-03-01,Lambayeque,22.26491863
2016-03-01,Lima,602.507257689995
2016-03-01,Loreto,1.80106321
2016-03-01,Madre De Dios,3.11428329
2016-03-01,Moquegua,108.79953625
2016-03-01,Pasco,28.7497935
2016-03-01,Piura,141.27951345
2016-03-01,Puno,114.53132949
2016-03-01,San Martin,2.61603351
2016-03-01,Tacna,27.9662041
2016-03-01,Tumbes,10.26283377
2016-03-01,Ucayali,2.24779057
2016-03-01,No Registrado,0.999214252706224
2016-03-01,Total,2822.10749483489
2016-04-01,Amazonas,0.19625788
2016-04-01,Ancash,277.13267114
2016-04-01,Apurimac,72.74209698
2016-04-01,Arequipa,381.361829509999
2016-04-01,Ayacucho,15.04313994
2016-04-01,Cajamarca,166.21676989175
2016-04-01,Callao,292.290142329999
2016-04-01,Cusco,76.43709531
2016-04-01,Huancavelica,6.17189848
2016-04-01,Huanuco,12.31868916
2016-04-01,Ica,194.23656705
2016-04-01,Junin,52.25782405
2016-04-01,La Libertad,215.73515374
2016-04-01,Lambayeque,24.08255156
2016-04-01,Lima,562.82002368002
2016-04-01,Loreto,2.58457607
2016-04-01,Madre De Dios,2.98324985
2016-04-01,Moquegua,152.9182752
2016-04-01,Pasco,30.9128162
2016-04-01,Piura,119.4729747
2016-04-01,Puno,111.01552614
2016-04-01,San Martin,3.37510375
2016-04-01,Tacna,18.54215744
2016-04-01,Tumbes,9.87690693
2016-04-01,Ucayali,2.66781309
2016-04-01,No Registrado,0.998847737769211
2016-04-01,Total,2804.39095780954
2016-05-01,Amazonas,0.26018012
2016-05-01,Ancash,248.63682471
2016-05-01,Apurimac,102.48732427
2016-05-01,Arequipa,372.840310619998
2016-05-01,Ayacucho,33.37121444
2016-05-01,Cajamarca,148.817001454441
2016-05-01,Callao,256.397727650001
2016-05-01,Cusco,125.53007313
2016-05-01,Huancavelica,4.78679014
2016-05-01,Huanuco,3.66572985
2016-05-01,Ica,247.30562849
2016-05-01,Junin,72.16383467
2016-05-01,La Libertad,192.133480759999
2016-05-01,Lambayeque,27.55986074
2016-05-01,Lima,624.390640619993
2016-05-01,Loreto,1.37274209
2016-05-01,Madre De Dios,2.72167336
2016-05-01,Moquegua,99.93372638
2016-05-01,Pasco,10.56895017
2016-05-01,Piura,146.58569975
2016-05-01,Puno,99.99267521999991
2016-05-01,San Martin,3.81447491
2016-05-01,Tacna,20.08867796
2016-05-01,Tumbes,10.31322477
2016-05-01,Ucayali,1.50941866
2016-05-01,No Registrado,0.933099230539938
2016-05-01,Total,2858.18098416497
2016-06-01,Amazonas,1.19213732
2016-06-01,Ancash,200.2843552
2016-06-01,Apurimac,47.61142959
2016-06-01,Arequipa,326.150982249999
2016-06-01,Ayacucho,11.90585173
2016-06-01,Cajamarca,215.94572406038
2016-06-01,Callao,319.129088329996
2016-06-01,Cusco,45.58737874
2016-06-01,Huancavelica,8.30837211
2016-06-01,Huanuco,6.21027274
2016-06-01,Ica,191.6532676
2016-06-01,Junin,54.77151533
2016-06-01,La Libertad,247.69558435
2016-06-01,Lambayeque,26.10073034
2016-06-01,Lima,624.998570060012
2016-06-01,Loreto,1.30652078
2016-06-01,Madre De Dios,4.15956802
2016-06-01,Moquegua,94.2586336
2016-06-01,Pasco,26.36653395
2016-06-01,Piura,106.03459835
2016-06-01,Puno,120.69294467
2016-06-01,San Martin,3.99036509
2016-06-01,Tacna,9.28655861000001
2016-06-01,Tumbes,7.51426019
2016-06-01,Ucayali,1.67338564
2016-06-01,No Registrado,0.999300304380995
2016-06-01,Total,2703.82792895477
2016-07-01,Amazonas,2.90912837
2016-07-01,Ancash,219.47237915
2016-07-01,Apurimac,181.7664638
2016-07-01,Arequipa,395.223751460001
2016-07-01,Ayacucho,19.48467399
2016-07-01,Cajamarca,214.647568363226
2016-07-01,Callao,404.908644659999
2016-07-01,Cusco,157.64288397
2016-07-01,Huancavelica,3.1465928
2016-07-01,Huanuco,0.70283891
2016-07-01,Ica,251.52579351
2016-07-01,Junin,45.6006215
2016-07-01,La Libertad,226.059912539999
2016-07-01,Lambayeque,25.3273516
2016-07-01,Lima,752.15774654998
2016-07-01,Loreto,2.9755404
2016-07-01,Madre De Dios,2.912846
2016-07-01,Moquegua,134.09209225
2016-07-01,Pasco,20.03897279
2016-07-01,Piura,112.78609456
2016-07-01,Puno,137.53212927
2016-07-01,San Martin,6.30071573
2016-07-01,Tacna,23.6389108499999
2016-07-01,Tumbes,7.18202978
2016-07-01,Ucayali,2.85200248
2016-07-01,No Registrado,1.00628378452302
2016-07-01,Total,3351.89396906773
2016-08-01,Amazonas,4.17230603
2016-08-01,Ancash,220.00777842
2016-08-01,Apurimac,73.38587689
2016-08-01,Arequipa,402.552648379999
2016-08-01,Ayacucho,29.29682116
2016-08-01,Cajamarca,246.798402167514
2016-08-01,Callao,453.611976199998
2016-08-01,Cusco,110.01839276
2016-08-01,Huancavelica,2.82530676
2016-08-01,Huanuco,0.64150994
2016-08-01,Ica,234.758382420001
2016-08-01,Junin,75.3059085399999
2016-08-01,La Libertad,174.88059555
2016-08-01,Lambayeque,42.7166090000001
2016-08-01,Lima,759.4661941399988
2016-08-01,Loreto,3.68450748
2016-08-01,Madre De Dios,2.28587292
2016-08-01,Moquegua,114.24610368
2016-08-01,Pasco,6.56370785
2016-08-01,Piura,121.71594265
2016-08-01,Puno,132.42153301
2016-08-01,San Martin,10.03340608
2016-08-01,Tacna,27.16922438
2016-08-01,Tumbes,8.7941088
2016-08-01,Ucayali,1.69656282
2016-08-01,No Registrado,0.9872363001145459
2016-08-01,Total,3260.03691432763
2016-09-01,Amazonas,5.55324438
2016-09-01,Ancash,254.40245122
2016-09-01,Apurimac,124.15897734
2016-09-01,Arequipa,348.1287431
2016-09-01,Ayacucho,33.36872348
2016-09-01,Cajamarca,195.687030560253
2016-09-01,Callao,377.7127743
2016-09-01,Cusco,73.29523199
2016-09-01,Huancavelica,9.14247914
2016-09-01,Huanuco,1.18471761
2016-09-01,Ica,186.41257608
2016-09-01,Junin,68.51657253
2016-09-01,La Libertad,223.6926987
2016-09-01,Lambayeque,46.39217095
2016-09-01,Lima,762.074595629991
2016-09-01,Loreto,1.28782584
2016-09-01,Madre De Dios,4.38327437
2016-09-01,Moquegua,140.53402195
2016-09-01,Pasco,31.15754994
2016-09-01,Piura,168.16172975
2016-09-01,Puno,157.50018548
2016-09-01,San Martin,10.32978542
2016-09-01,Tacna,24.66202608
2016-09-01,Tumbes,12.51478608
2016-09-01,Ucayali,1.79779514
2016-09-01,No Registrado,1.07426085845145
2016-09-01,Total,3263.1262279187
2016-10-01,Amazonas,6.6481978
2016-10-01,Ancash,256.05113279
2016-10-01,Apurimac,221.80248903
2016-10-01,Arequipa,406.133455409998
2016-10-01,Ayacucho,22.14236777
2016-10-01,Cajamarca,195.816968501077
2016-10-01,Callao,368.072958440005
2016-10-01,Cusco,157.21204841
2016-10-01,Huancavelica,1.99849412
2016-10-01,Huanuco,0.93339555
2016-10-01,Ica,213.42415492
2016-10-01,Junin,74.69417323
2016-10-01,La Libertad,273.86805651
2016-10-01,Lambayeque,49.25718792
2016-10-01,Lima,764.978356179963
2016-10-01,Loreto,5.43124102
2016-10-01,Madre De Dios,9.07220383
2016-10-01,Moquegua,135.98161672
2016-10-01,Pasco,33.49367908
2016-10-01,Piura,174.78134945
2016-10-01,Puno,132.57326763
2016-10-01,San Martin,8.53618637
2016-10-01,Tacna,35.54873914
2016-10-01,Tumbes,10.13364906
2016-10-01,Ucayali,2.4365106499999998
2016-10-01,No Registrado,0.81231698618376
2016-10-01,Total,3561.83419651723
2016-11-01,Amazonas,5.2145579
2016-11-01,Ancash,166.51221957
2016-11-01,Apurimac,239.78094772
2016-11-01,Arequipa,383.978180469999
2016-11-01,Ayacucho,20.21052575
2016-11-01,Cajamarca,210.751338793433
2016-11-01,Callao,368.146864199998
2016-11-01,Cusco,113.88649113
2016-11-01,Huancavelica,4.12668338
2016-11-01,Huanuco,0.79016199
2016-11-01,Ica,254.616516249999
2016-11-01,Junin,81.46192976
2016-11-01,La Libertad,223.05423699
2016-11-01,Lambayeque,48.54424311
2016-11-01,Lima,748.176672970024
2016-11-01,Loreto,1.68205954
2016-11-01,Madre De Dios,9.53477866
2016-11-01,Moquegua,60.36395448
2016-11-01,Pasco,29.95278673
2016-11-01,Piura,247.01084437
2016-11-01,Puno,117.49661557
2016-11-01,San Martin,9.83473012
2016-11-01,Tacna,50.5502110200001
2016-11-01,Tumbes,11.36680782
2016-11-01,Ucayali,1.09644757
2016-11-01,No Registrado,0.684311101090316
2016-11-01,Total,3408.82511696454
2016-12-01,Amazonas,4.99095712
2016-12-01,Ancash,259.57665357
2016-12-01,Apurimac,338.90034332
2016-12-01,Arequipa,418.982653480003
2016-12-01,Ayacucho,30.64630125
2016-12-01,Cajamarca,204.185763883938
2016-12-01,Callao,483.403366199997
2016-12-01,Cusco,108.38329365
2016-12-01,Huancavelica,3.52815119
2016-12-01,Huanuco,0.73333272
2016-12-01,Ica,332.65257548
2016-12-01,Junin,139.26997748
2016-12-01,La Libertad,254.76109058
2016-12-01,Lambayeque,51.9155213400001
2016-12-01,Lima,802.294135743265
2016-12-01,Loreto,1.89341002
2016-12-01,Madre De Dios,2.42284735
2016-12-01,Moquegua,126.08892164
2016-12-01,Pasco,25.39737255
2016-12-01,Piura,337.015522249999
2016-12-01,Puno,140.50506204
2016-12-01,San Martin,8.47891782
2016-12-01,Tacna,25.85016553
2016-12-01,Tumbes,11.98848127
2016-12-01,Ucayali,1.95035626
2016-12-01,No Registrado,0
2016-12-01,Total,4115.8151737372
2017-01-01,Amazonas,1.7461847
2017-01-01,Ancash,249.11009913
2017-01-01,Apurimac,241.90966219
2017-01-01,Arequipa,346.17256154
2017-01-01,Ayacucho,17.00553883
2017-01-01,Cajamarca,156.167930378314
2017-01-01,Callao,379.457172229999
2017-01-01,Cusco,50.17306089
2017-01-01,Huancavelica,1.18992729
2017-01-01,Huanuco,0.62140443
2017-01-01,Ica,307.482353839998
2017-01-01,Junin,92.38722395
2017-01-01,La Libertad,176.23064095
2017-01-01,Lambayeque,28.82575146
2017-01-01,Lima,758.478766919976
2017-01-01,Loreto,1.5008869
2017-01-01,Madre De Dios,3.41353956
2017-01-01,Moquegua,85.98140815
2017-01-01,Pasco,23.27427664
2017-01-01,Piura,223.628007309999
2017-01-01,Puno,103.88102104
2017-01-01,San Martin,7.20215421
2017-01-01,Tacna,29.74034643
2017-01-01,Tumbes,9.01916769
2017-01-01,Ucayali,1.22793908
2017-01-01,No Registrado,0.999034621720511
2017-01-01,Total,3296.8260603600106
2017-02-01,Amazonas,0.88167348
2017-02-01,Ancash,316.10786295
2017-02-01,Apurimac,276.16742642
2017-02-01,Arequipa,357.870452770001
2017-02-01,Ayacucho,25.89039781
2017-02-01,Cajamarca,179.104829612252
2017-02-01,Callao,514.144260990002
2017-02-01,Cusco,93.0450617
2017-02-01,Huancavelica,7.45600791
2017-02-01,Huanuco,0.56709955
2017-02-01,Ica,245.601274940001
2017-02-01,Junin,89.03579329
2017-02-01,La Libertad,166.26368756
2017-02-01,Lambayeque,22.4669895
2017-02-01,Lima,824.628176499983
2017-02-01,Loreto,5.31175251999999
2017-02-01,Madre De Dios,3.69885132
2017-02-01,Moquegua,92.39883174
2017-02-01,Pasco,3.75860561
2017-02-01,Piura,170.45341867
2017-02-01,Puno,140.66886124
2017-02-01,San Martin,4.57582256
2017-02-01,Tacna,23.14569421
2017-02-01,Tumbes,10.71905509
2017-02-01,Ucayali,1.45205305
2017-02-01,No Registrado,0.998766944961517
2017-02-01,Total,3576.4127079372
2017-03-01,Amazonas,0.164386
2017-03-01,Ancash,296.341717580001
2017-03-01,Apurimac,222.96935537
2017-03-01,Arequipa,409.15235326000106
2017-03-01,Ayacucho,15.74687207
2017-03-01,Cajamarca,153.52912698131
2017-03-01,Callao,407.704325679998
2017-03-01,Cusco,86.71521916
2017-03-01,Huancavelica,1.81378926
2017-03-01,Huanuco,5.98582966
2017-03-01,Ica,227.75322726
2017-03-01,Junin,40.91581472
2017-03-01,La Libertad,166.41714954
2017-03-01,Lambayeque,19.93970877
2017-03-01,Lima,772.20048038997
2017-03-01,Loreto,1.6911486
2017-03-01,Madre De Dios,3.46731618
2017-03-01,Moquegua,132.52953193
2017-03-01,Pasco,8.25122908
2017-03-01,Piura,174.33962369
2017-03-01,Puno,112.61224744
2017-03-01,San Martin,4.72415418
2017-03-01,Tacna,17.28985723
2017-03-01,Tumbes,14.69301473
2017-03-01,Ucayali,2.21179886
2017-03-01,No Registrado,0.998497741773008
2017-03-01,Total,3300.15777536305
2017-04-01,Amazonas,0.22398383
2017-04-01,Ancash,296.5470164
2017-04-01,Apurimac,142.79892886
2017-04-01,Arequipa,389.043126089999
2017-04-01,Ayacucho,32.66204513
2017-04-01,Cajamarca,149.507501446222
2017-04-01,Callao,395.605459070002
2017-04-01,Cusco,122.72114236
2017-04-01,Huancavelica,3.99408983
2017-04-01,Huanuco,0.27708255
2017-04-01,Ica,272.72711903
2017-04-01,Junin,52.70133339
2017-04-01,La Libertad,172.87988013
2017-04-01,Lambayeque,26.92608084
2017-04-01,Lima,687.076749549965
2017-04-01,Loreto,1.69445871
2017-04-01,Madre De Dios,8.290104
2017-04-01,Moquegua,102.39365344
2017-04-01,Pasco,3.28221608
2017-04-01,Piura,120.16515666
2017-04-01,Puno,125.66718936
2017-04-01,San Martin,3.05879875
2017-04-01,Tacna,16.14262707
2017-04-01,Tumbes,10.59563579
2017-04-01,Ucayali,1.67140731
2017-04-01,No Registrado,0.9993231945900332
2017-04-01,Total,3139.65210887078
2017-05-01,Amazonas,1.4926617
2017-05-01,Ancash,277.9971911
2017-05-01,Apurimac,239.38289248
2017-05-01,Arequipa,375.751989159998
2017-05-01,Ayacucho,23.3470697
2017-05-01,Cajamarca,203.258912533095
2017-05-01,Callao,462.218390140002
2017-05-01,Cusco,89.8718465400002
2017-05-01,Huancavelica,1.30705607
2017-05-01,Huanuco,0.71107257
2017-05-01,Ica,237.474466179999
2017-05-01,Junin,122.82935224
2017-05-01,La Libertad,242.50797782
2017-05-01,Lambayeque,35.30132391
2017-05-01,Lima,787.1947095099889
2017-05-01,Loreto,1.57672403
2017-05-01,Madre De Dios,6.42356165
2017-05-01,Moquegua,126.21511382
2017-05-01,Pasco,15.63502783
2017-05-01,Piura,139.64534473
2017-05-01,Puno,115.3691214
2017-05-01,San Martin,7.56911365
2017-05-01,Tacna,18.11920949
2017-05-01,Tumbes,12.83696312
2017-05-01,Ucayali,2.05091141
2017-05-01,No Registrado,0.955866484905528
2017-05-01,Total,3547.04386926799
2017-06-01,Amazonas,2.57803466
2017-06-01,Ancash,372.18972467
2017-06-01,Apurimac,216.04885104
2017-06-01,Arequipa,455.03500779999894
2017-06-01,Ayacucho,22.72074676
2017-06-01,Cajamarca,199.464590956726
2017-06-01,Callao,514.159213050002
2017-06-01,Cusco,137.41256452
2017-06-01,Huancavelica,6.84234657
2017-06-01,Huanuco,0.7138236
2017-06-01,Ica,220.104381499999
2017-06-01,Junin,95.1500264500001
2017-06-01,La Libertad,294.989594
2017-06-01,Lambayeque,22.10804142
2017-06-01,Lima,830.4146043099929
2017-06-01,Loreto,1.44461687
2017-06-01,Madre De Dios,9.76128697
2017-06-01,Moquegua,110.77744761
2017-06-01,Pasco,19.97229434
2017-06-01,Piura,174.78461836
2017-06-01,Puno,118.1261614
2017-06-01,San Martin,7.73709939
2017-06-01,Tacna,19.65639286
2017-06-01,Tumbes,14.1040712
2017-06-01,Ucayali,2.24448774
2017-06-01,No Registrado,0.999506086328438
2017-06-01,Total,3869.53953413305
2017-07-01,Amazonas,2.08399423
2017-07-01,Ancash,234.31365741
2017-07-01,Apurimac,161.21824814
2017-07-01,Arequipa,357.555729469999
2017-07-01,Ayacucho,20.75791681
2017-07-01,Cajamarca,217.997961701641
2017-07-01,Callao,533.147835650004
2017-07-01,Cusco,64.00346996
2017-07-01,Huancavelica,4.76801539
2017-07-01,Huanuco,0.84635406
2017-07-01,Ica,267.17799167
2017-07-01,Junin,56.60937947
2017-07-01,La Libertad,232.53503965
2017-07-01,Lambayeque,22.41826505
2017-07-01,Lima,835.5404999199972
2017-07-01,Loreto,1.53703505
2017-07-01,Madre De Dios,13.51488939
2017-07-01,Moquegua,87.09722023000009
2017-07-01,Pasco,26.19921129
2017-07-01,Piura,148.19581798
2017-07-01,Puno,113.7318135
2017-07-01,San Martin,12.98741961
2017-07-01,Tacna,19.26643151
2017-07-01,Tumbes,10.49113535
2017-07-01,Ucayali,2.18418513
2017-07-01,No Registrado,0.998692666199531
2017-07-01,Total,3447.17821028784
2017-08-01,Amazonas,5.79683906
2017-08-01,Ancash,260.27484695
2017-08-01,Apurimac,274.50170537
2017-08-01,Arequipa,465.52237949
2017-08-01,Ayacucho,44.18178102
2017-08-01,Cajamarca,288.590813607868
2017-08-01,Callao,552.431564730001
2017-08-01,Cusco,147.84260931
2017-08-01,Huancavelica,3.12043655
2017-08-01,Huanuco,2.98764059
2017-08-01,Ica,289.505502670001
2017-08-01,Junin,87.9291352699999
2017-08-01,La Libertad,269.63534777
2017-08-01,Lambayeque,28.97788656
2017-08-01,Lima,856.778086409993
2017-08-01,Loreto,1.29200283
2017-08-01,Madre De Dios,7.58207597
2017-08-01,Moquegua,97.4261652
2017-08-01,Pasco,6.20868135
2017-08-01,Piura,172.29173048
2017-08-01,Puno,149.77015113
2017-08-01,San Martin,15.38163455
2017-08-01,Tacna,26.90571198
2017-08-01,Tumbes,9.58829019
2017-08-01,Ucayali,1.91860834
2017-08-01,No Registrado,0.999183201231972
2017-08-01,Total,4067.4408105790894
2017-09-01,Amazonas,4.04114345
2017-09-01,Ancash,395.985717569999
2017-09-01,Apurimac,278.42415165
2017-09-01,Arequipa,521.70957434
2017-09-01,Ayacucho,22.89803471
2017-09-01,Cajamarca,316.901770539517
2017-09-01,Callao,562.58703991
2017-09-01,Cusco,119.93266056
2017-09-01,Huancavelica,2.10883793
2017-09-01,Huanuco,0.77859367
2017-09-01,Ica,266.13679449
2017-09-01,Junin,69.0044321
2017-09-01,La Libertad,307.86465444
2017-09-01,Lambayeque,32.88706719
2017-09-01,Lima,860.464665390068
2017-09-01,Loreto,1.9659988
2017-09-01,Madre De Dios,5.99294976
2017-09-01,Moquegua,238.26031217
2017-09-01,Pasco,34.81509663
2017-09-01,Piura,130.51812782
2017-09-01,Puno,170.62461063
2017-09-01,San Martin,12.38662715
2017-09-01,Tacna,24.12716907
2017-09-01,Tumbes,10.8224873
2017-09-01,Ucayali,1.43687964
2017-09-01,No Registrado,0.998672813708254
2017-09-01,Total,4393.67406972329
2017-10-01,Amazonas,4.48166121
2017-10-01,Ancash,267.01549617
2017-10-01,Apurimac,240.78278284
2017-10-01,Arequipa,434.07617714000094
2017-10-01,Ayacucho,26.84955
2017-10-01,Cajamarca,253.91048728367
2017-10-01,Callao,560.875852169992
2017-10-01,Cusco,157.25533468
2017-10-01,Huancavelica,2.39323178
2017-10-01,Huanuco,7.4034534
2017-10-01,Ica,271.35862897
2017-10-01,Junin,81.5147749000001
2017-10-01,La Libertad,291.517451129999
2017-10-01,Lambayeque,55.89803509
2017-10-01,Lima,784.8632615199868
2017-10-01,Loreto,1.58254916
2017-10-01,Madre De Dios,7.51592738
2017-10-01,Moquegua,170.40768884
2017-10-01,Pasco,14.41840937
2017-10-01,Piura,169.0262683
2017-10-01,Puno,131.95363447
2017-10-01,San Martin,10.679176
2017-10-01,Tacna,24.83495892
2017-10-01,Tumbes,13.9061402
2017-10-01,Ucayali,1.03434236
2017-10-01,No Registrado,1.00017401248351
2017-10-01,Total,3986.5554472961294
2017-11-01,Amazonas,7.40615394
2017-11-01,Ancash,344.494060659999
2017-11-01,Apurimac,376.8139114
2017-11-01,Arequipa,455.658426310002
2017-11-01,Ayacucho,30.19484799
2017-11-01,Cajamarca,223.24961522438
2017-11-01,Callao,522.250622730002
2017-11-01,Cusco,151.54678982
2017-11-01,Huancavelica,2.37761772
2017-11-01,Huanuco,1.01553271
2017-11-01,Ica,274.013271170001
2017-11-01,Junin,59.49135874
2017-11-01,La Libertad,251.146085229999
2017-11-01,Lambayeque,68.6412987900001
2017-11-01,Lima,846.1328255799868
2017-11-01,Loreto,1.61843565
2017-11-01,Madre De Dios,6.46992036
2017-11-01,Moquegua,163.27759131
2017-11-01,Pasco,38.90884666
2017-11-01,Piura,211.33876367
2017-11-01,Puno,136.91128413
2017-11-01,San Martin,4.53023723
2017-11-01,Tacna,18.44218767
2017-11-01,Tumbes,14.28576784
2017-11-01,Ucayali,1.87990939
2017-11-01,No Registrado,0.614410663663875
2017-11-01,Total,4212.70977258803
2017-12-01,Amazonas,4.24553725
2017-12-01,Ancash,445.35132576
2017-12-01,Apurimac,172.13300747
2017-12-01,Arequipa,502.344061080002
2017-12-01,Ayacucho,26.48633916
2017-12-01,Cajamarca,241.409135188216
2017-12-01,Callao,582.389415629996
2017-12-01,Cusco,215.77572451
2017-12-01,Huancavelica,3.87115895
2017-12-01,Huanuco,8.09110754
2017-12-01,Ica,431.499760440002
2017-12-01,Junin,69.21763737
2017-12-01,La Libertad,262.55796047
2017-12-01,Lambayeque,54.54744464
2017-12-01,Lima,881.019595279981
2017-12-01,Loreto,1.15399505
2017-12-01,Madre De Dios,4.54632501
2017-12-01,Moquegua,191.44970774
2017-12-01,Pasco,19.63205507
2017-12-01,Piura,274.065839599999
2017-12-01,Puno,142.17833386
2017-12-01,San Martin,5.03607745
2017-12-01,Tacna,31.14472307
2017-12-01,Tumbes,11.765316
2017-12-01,Ucayali,1.52250484
2017-12-01,No Registrado,0.968989638974563
2017-12-01,Total,4584.40307806717
2018-01-01,Amazonas,2.40446246
2018-01-01,Ancash,311.21179714
2018-01-01,Apurimac,299.39080418
2018-01-01,Arequipa,458.757987320003
2018-01-01,Ayacucho,25.75498489
2018-01-01,Cajamarca,273.012894159805
2018-01-01,Callao,505.185080619998
2018-01-01,Cusco,95.56134254
2018-01-01,Huancavelica,2.08550777
2018-01-01,Huanuco,0.79298041
2018-01-01,Ica,403.920851259999
2018-01-01,Junin,50.50383817
2018-01-01,La Libertad,216.889659349999
2018-01-01,Lambayeque,27.42477436
2018-01-01,Lima,806.398451560012
2018-01-01,Loreto,1.66286186
2018-01-01,Madre De Dios,7.43325503
2018-01-01,Moquegua,141.99010527
2018-01-01,Pasco,12.50856566
2018-01-01,Piura,276.347755039999
2018-01-01,Puno,135.87647127
2018-01-01,San Martin,4.80469282
2018-01-01,Tacna,15.21524132
2018-01-01,Tumbes,11.34265155
2018-01-01,Ucayali,1.14745706
2018-01-01,No Registrado,0.9994099429391101
2018-01-01,Total,4088.62388301275
2018-02-01,Amazonas,1.72704697
2018-02-01,Ancash,333.99645269
2018-02-01,Apurimac,189.21551911
2018-02-01,Arequipa,343.346292510002
2018-02-01,Ayacucho,21.68937442
2018-02-01,Cajamarca,164.514677800997
2018-02-01,Callao,555.296685770003
2018-02-01,Cusco,261.59720992
2018-02-01,Huancavelica,2.39019552
2018-02-01,Huanuco,0.73194324
2018-02-01,Ica,263.970744269999
2018-02-01,Junin,68.34585959
2018-02-01,La Libertad,214.39227331
2018-02-01,Lambayeque,32.4356166299999
2018-02-01,Lima,686.248663620004
2018-02-01,Loreto,1.1090451
2018-02-01,Madre De Dios,6.27898723
2018-02-01,Moquegua,140.7453869
2018-02-01,Pasco,5.07443329
2018-02-01,Piura,202.51210385
2018-02-01,Puno,139.99341233
2018-02-01,San Martin,3.56558913
2018-02-01,Tacna,18.79344933
2018-02-01,Tumbes,10.76810456
2018-02-01,Ucayali,1.23882947
2018-02-01,No Registrado,0.999935889274184
2018-02-01,Total,3670.97783245028
2018-03-01,Amazonas,0.55098758
2018-03-01,Ancash,415.216612629999
2018-03-01,Apurimac,199.20836954
2018-03-01,Arequipa,530.86882463
2018-03-01,Ayacucho,22.98070408
2018-03-01,Cajamarca,149.545579429326
2018-03-01,Callao,522.391426809997
2018-03-01,Cusco,178.47586195
2018-03-01,Huancavelica,2.18256104
2018-03-01,Huanuco,0.49280629
2018-03-01,Ica,278.476793299999
2018-03-01,Junin,156.085758
2018-03-01,La Libertad,187.64535023
2018-03-01,Lambayeque,32.07782941
2018-03-01,Lima,848.9134228199871
2018-03-01,Loreto,22.3495787
2018-03-01,Madre De Dios,7.26024715
2018-03-01,Moquegua,151.38032095
2018-03-01,Pasco,57.72172491
2018-03-01,Piura,233.4065561
2018-03-01,Puno,156.24417319
2018-03-01,San Martin,7.43731933
2018-03-01,Tacna,14.53618661
2018-03-01,Tumbes,13.41269056
2018-03-01,Ucayali,1.68707691
2018-03-01,No Registrado,0.955441409178093
2018-03-01,Total,4191.50420355849
2018-04-01,Amazonas,0.17338282
2018-04-01,Ancash,385.88205485
2018-04-01,Apurimac,156.21260772
2018-04-01,Arequipa,416.26535310000094
2018-04-01,Ayacucho,43.90327411
2018-04-01,Cajamarca,213.596593175281
2018-04-01,Callao,491.94417084
2018-04-01,Cusco,146.68728236
2018-04-01,Huancavelica,1.88217284
2018-04-01,Huanuco,0.98582837
2018-04-01,Ica,275.478219589999
2018-04-01,Junin,98.96305688
2018-04-01,La Libertad,166.77166065
2018-04-01,Lambayeque,38.69004626
2018-04-01,Lima,802.159203449997
2018-04-01,Loreto,1.39573175
2018-04-01,Madre De Dios,4.57932757
2018-04-01,Moquegua,193.92729505
2018-04-01,Pasco,9.6818504
2018-04-01,Piura,191.43194659
2018-04-01,Puno,129.02381886
2018-04-01,San Martin,5.08807112
2018-04-01,Tacna,18.23676107
2018-04-01,Tumbes,11.25473512
2018-04-01,Ucayali,1.96481161
2018-04-01,No Registrado,0.998643862747485
2018-04-01,Total,3807.17790001803
2018-05-01,Amazonas,0.72876418
2018-05-01,Ancash,468.89451533
2018-05-01,Apurimac,258.41173662
2018-05-01,Arequipa,455.347592770001
2018-05-01,Ayacucho,22.19735313
2018-05-01,Cajamarca,158.748707500206
2018-05-01,Callao,565.796490349998
2018-05-01,Cusco,170.52538055
2018-05-01,Huancavelica,2.81644314
2018-05-01,Huanuco,0.83672522
2018-05-01,Ica,296.196531489998
2018-05-01,Junin,85.80577425
2018-05-01,La Libertad,245.07175243
2018-05-01,Lambayeque,53.51836874
2018-05-01,Lima,921.102973670007
2018-05-01,Loreto,0.61537872
2018-05-01,Madre De Dios,5.51513499
2018-05-01,Moquegua,162.98700096
2018-05-01,Pasco,9.56686623
2018-05-01,Piura,215.84643016
2018-05-01,Puno,116.74593307
2018-05-01,San Martin,4.11295273
2018-05-01,Tacna,10.02635942
2018-05-01,Tumbes,10.71815251
2018-05-01,Ucayali,1.86704583
2018-05-01,No Registrado,1.00050082011603
2018-05-01,Total,4245.00086481033
2018-06-01,Amazonas,2.64217663
2018-06-01,Ancash,468.98940176
2018-06-01,Apurimac,238.05616348
2018-06-01,Arequipa,509.484734540002
2018-06-01,Ayacucho,32.14144538
2018-06-01,Cajamarca,227.577259012994
2018-06-01,Callao,690.965553129997
2018-06-01,Cusco,209.27067478
2018-06-01,Huancavelica,2.48518859
2018-06-01,Huanuco,1.95119797
2018-06-01,Ica,265.76107419
2018-06-01,Junin,67.35644298
2018-06-01,La Libertad,283.669811459999
2018-06-01,Lambayeque,38.41868547
2018-06-01,Lima,911.5345076699941
2018-06-01,Loreto,0.8100826
2018-06-01,Madre De Dios,5.09986113
2018-06-01,Moquegua,138.9694675
2018-06-01,Pasco,46.70246301
2018-06-01,Piura,246.34033906
2018-06-01,Puno,115.13791757
2018-06-01,San Martin,7.74876258
2018-06-01,Tacna,13.5628207
2018-06-01,Tumbes,12.79435165
2018-06-01,Ucayali,2.12205181
2018-06-01,No Registrado,0.9989468722496889
2018-06-01,Total,4540.59138152524
2018-07-01,Amazonas,3.78071498
2018-07-01,Ancash,442.17673923
2018-07-01,Apurimac,190.7559824
2018-07-01,Arequipa,390.724324870001
2018-07-01,Ayacucho,13.23038281
2018-07-01,Cajamarca,205.93781559215
2018-07-01,Callao,466.356776749997
2018-07-01,Cusco,184.72484914
2018-07-01,Huancavelica,2.48266504
2018-07-01,Huanuco,0.85606193
2018-07-01,Ica,273.3416122
2018-07-01,Junin,61.10660559
2018-07-01,La Libertad,233.062063950001
2018-07-01,Lambayeque,31.90761784
2018-07-01,Lima,975.8188689899871
2018-07-01,Loreto,19.88245968
2018-07-01,Madre De Dios,5.3541799899999996
2018-07-01,Moquegua,219.91031778
2018-07-01,Pasco,19.73035422
2018-07-01,Piura,208.35079809
2018-07-01,Puno,113.37146407
2018-07-01,San Martin,7.57897128
2018-07-01,Tacna,11.71761722
2018-07-01,Tumbes,12.94434696
2018-07-01,Ucayali,1.73886881
2018-07-01,No Registrado,0.999847810351639
2018-07-01,Total,4097.84230722249
2018-08-01,Amazonas,4.22205067
2018-08-01,Ancash,393.13941154000094
2018-08-01,Apurimac,149.40962247
2018-08-01,Arequipa,442.72394544000093
2018-08-01,Ayacucho,29.93140549
2018-08-01,Cajamarca,221.975158516976
2018-08-01,Callao,471.473224290003
2018-08-01,Cusco,224.78544135
2018-08-01,Huancavelica,2.84061008
2018-08-01,Huanuco,3.19376153
2018-08-01,Ica,251.73196644
2018-08-01,Junin,63.68399753
2018-08-01,La Libertad,288.83612575
2018-08-01,Lambayeque,31.06837309
2018-08-01,Lima,949.132863219984
2018-08-01,Loreto,1.30331752
2018-08-01,Madre De Dios,4.16881747
2018-08-01,Moquegua,178.36027004
2018-08-01,Pasco,7.40395043
2018-08-01,Piura,209.1304131
2018-08-01,Puno,92.83839587
2018-08-01,San Martin,10.1324615
2018-08-01,Tacna,13.2618163
2018-08-01,Tumbes,10.78316339
2018-08-01,Ucayali,2.02628986
2018-08-01,No Registrado,0.969732797269899
2018-08-01,Total,4058.52658568423
2018-09-01,Amazonas,4.90747373
2018-09-01,Ancash,311.860656280001
2018-09-01,Apurimac,183.30008822
2018-09-01,Arequipa,438.580595500001
2018-09-01,Ayacucho,27.47847245
2018-09-01,Cajamarca,240.935736248373
2018-09-01,Callao,495.322377200001
2018-09-01,Cusco,114.40836953
2018-09-01,Huancavelica,2.04230991
2018-09-01,Huanuco,7.72451528
2018-09-01,Ica,282.611363580001
2018-09-01,Junin,63.29763416
2018-09-01,La Libertad,220.67879878
2018-09-01,Lambayeque,55.0671438899999
2018-09-01,Lima,985.304779139984
2018-09-01,Loreto,1.88514336
2018-09-01,Madre De Dios,7.50478188
2018-09-01,Moquegua,155.72897305
2018-09-01,Pasco,10.64691488
2018-09-01,Piura,151.48591897
2018-09-01,Puno,82.81223238
2018-09-01,San Martin,6.14806454
2018-09-01,Tacna,21.07684865
2018-09-01,Tumbes,12.31980148
2018-09-01,Ucayali,1.74526878
2018-09-01,No Registrado,0.998745431592852
2018-09-01,Total,3885.8730072999506
2018-10-01,Amazonas,6.76398283
2018-10-01,Ancash,272.14395686
2018-10-01,Apurimac,158.34719813
2018-10-01,Arequipa,347.638319140001
2018-10-01,Ayacucho,38.0158994999999
2018-10-01,Cajamarca,315.095945027996
2018-10-01,Callao,390.083195359998
2018-10-01,Cusco,204.02633146
2018-10-01,Huancavelica,2.78264502
2018-10-01,Huanuco,2.17326913
2018-10-01,Ica,228.946202069999
2018-10-01,Junin,63.8759107799999
2018-10-01,La Libertad,270.145161499998
2018-10-01,Lambayeque,61.78864829
2018-10-01,Lima,1063.88331079999
2018-10-01,Loreto,1.57487592
2018-10-01,Madre De Dios,7.52675391
2018-10-01,Moquegua,204.10460202
2018-10-01,Pasco,8.94442934
2018-10-01,Piura,219.10831238
2018-10-01,Puno,83.31974184
2018-10-01,San Martin,11.41334669
2018-10-01,Tacna,14.77853704
2018-10-01,Tumbes,9.40294851
2018-10-01,Ucayali,2.2100208
2018-10-01,No Registrado,0.998972238170609
2018-10-01,Total,3989.09251658616
2018-11-01,Amazonas,4.74956393
2018-11-01,Ancash,348.851223920001
2018-11-01,Apurimac,282.46680479
2018-11-01,Arequipa,453.330317920003
2018-11-01,Ayacucho,39.29169025
2018-11-01,Cajamarca,289.471862373919
2018-11-01,Callao,435.343370559997
2018-11-01,Cusco,202.82638244
2018-11-01,Huancavelica,5.15129607000001
2018-11-01,Huanuco,2.3449282
2018-11-01,Ica,218.369111849999
2018-11-01,Junin,64.30360419
2018-11-01,La Libertad,238.05541853
2018-11-01,Lambayeque,60.0411252
2018-11-01,Lima,954.302184899998
2018-11-01,Loreto,1.79520676
2018-11-01,Madre De Dios,5.4787624
2018-11-01,Moquegua,185.31619505
2018-11-01,Pasco,8.72960961
2018-11-01,Piura,256.13550294
2018-11-01,Puno,70.71522102
2018-11-01,San Martin,8.3165697
2018-11-01,Tacna,21.2232607699999
2018-11-01,Tumbes,9.80765594
2018-11-01,Ucayali,1.8482883
2018-11-01,No Registrado,0.722623473897329
2018-11-01,Total,4168.98778108781
2018-12-01,Amazonas,3.90483753
2018-12-01,Ancash,402.03313613
2018-12-01,Apurimac,277.08464881
2018-12-01,Arequipa,447.472922500002
2018-12-01,Ayacucho,28.95022683
2018-12-01,Cajamarca,247.042818900043
2018-12-01,Callao,491.11645433999706
2018-12-01,Cusco,173.1651188
2018-12-01,Huancavelica,3.05236187
2018-12-01,Huanuco,2.88755836
2018-12-01,Ica,343.890764590002
2018-12-01,Junin,66.17171165
2018-12-01,La Libertad,240.97035542
2018-12-01,Lambayeque,62.32304393
2018-12-01,Lima,881.334831489984
2018-12-01,Loreto,21.06177614
2018-12-01,Madre De Dios,6.19063369
2018-12-01,Moquegua,160.6695423
2018-12-01,Pasco,18.59314507
2018-12-01,Piura,314.52492969
2018-12-01,Puno,87.15469721
2018-12-01,San Martin,8.34514604
2018-12-01,Tacna,22.22530976
2018-12-01,Tumbes,9.75013791
2018-12-01,Ucayali,1.38455612
2018-12-01,No Registrado,0.976879420401019
2018-12-01,Total,4322.27754450043
2019-01-01,Amazonas,1.78189122
2019-01-01,Ancash,274.42626304
2019-01-01,Apurimac,188.59222076
2019-01-01,Arequipa,355.440173120001
2019-01-01,Ayacucho,42.14376224
2019-01-01,Cajamarca,260.030985436057
2019-01-01,Callao,414.328514910002
2019-01-01,Cusco,186.4374933
2019-01-01,Huancavelica,0.59652962
2019-01-01,Huanuco,3.20438245
2019-01-01,Ica,417.600814
2019-01-01,Junin,88.8904594900001
2019-01-01,La Libertad,257.15025183
2019-01-01,Lambayeque,48.6487673299999
2019-01-01,Lima,829.4835075300028
2019-01-01,Loreto,1.46854042
2019-01-01,Madre De Dios,5.5505959
2019-01-01,Moquegua,167.16862173
2019-01-01,Pasco,7.31946705
2019-01-01,Piura,261.97022044
2019-01-01,Puno,90.62073796
2019-01-01,San Martin,6.43940745
2019-01-01,Tacna,20.13405627
2019-01-01,Tumbes,11.46309094
2019-01-01,Ucayali,1.40129157
2019-01-01,No Registrado,0.998010873441217
2019-01-01,Total,3943.2900568795
2019-02-01,Amazonas,1.75211653
2019-02-01,Ancash,329.2147067
2019-02-01,Apurimac,72.11004138
2019-02-01,Arequipa,418.699759150002
2019-02-01,Ayacucho,40.0726115
2019-02-01,Cajamarca,171.966917695243
2019-02-01,Callao,465.06813176000003
2019-02-01,Cusco,145.10299696
2019-02-01,Huancavelica,1.44161575
2019-02-01,Huanuco,0.72660499
2019-02-01,Ica,298.70808724
2019-02-01,Junin,80.30107072
2019-02-01,La Libertad,167.417603
2019-02-01,Lambayeque,34.50175474
2019-02-01,Lima,833.032494230011
2019-02-01,Loreto,1.31017704
2019-02-01,Madre De Dios,4.89608551
2019-02-01,Moquegua,126.33456704
2019-02-01,Pasco,4.11101518
2019-02-01,Piura,226.11477727
2019-02-01,Puno,68.77036936
2019-02-01,San Martin,5.46266986
2019-02-01,Tacna,9.83455849999999
2019-02-01,Tumbes,8.64860929
2019-02-01,Ucayali,1.1516973
2019-02-01,No Registrado,0.93757510937985
2019-02-01,Total,3517.6886138046402
2019-03-01,Amazonas,0.17665269
2019-03-01,Ancash,393.61832091000093
2019-03-01,Apurimac,1.55287529
2019-03-01,Arequipa,460.48119753
2019-03-01,Ayacucho,40.49116228
2019-03-01,Cajamarca,222.408470151705
2019-03-01,Callao,403.687524689997
2019-03-01,Cusco,179.0051885
2019-03-01,Huancavelica,1.77610621
2019-03-01,Huanuco,0.58715714
2019-03-01,Ica,281.260178010001
2019-03-01,Junin,81.66117711
2019-03-01,La Libertad,165.84145751
2019-03-01,Lambayeque,41.68616198
2019-03-01,Lima,926.639733160011
2019-03-01,Loreto,1.86322436
2019-03-01,Madre De Dios,1.54989708
2019-03-01,Moquegua,154.84572486
2019-03-01,Pasco,10.64818534
2019-03-01,Piura,274.968192689999
2019-03-01,Puno,69.3908395299999
2019-03-01,San Martin,9.14972443
2019-03-01,Tacna,11.93250472
2019-03-01,Tumbes,14.09391303
2019-03-01,Ucayali,1.54320695
2019-03-01,No Registrado,0.9515432933803821
2019-03-01,Total,3751.81031944509
2019-04-01,Amazonas,0.78931278
2019-04-01,Ancash,359.57785748
2019-04-01,Apurimac,97.68829388
2019-04-01,Arequipa,436.89580241
2019-04-01,Ayacucho,25.7647979
2019-04-01,Cajamarca,199.818863296233
2019-04-01,Callao,459.593496939999
2019-04-01,Cusco,145.3903422
2019-04-01,Huancavelica,1.06061445
2019-04-01,Huanuco,2.36103711
2019-04-01,Ica,262.885808840001
2019-04-01,Junin,43.87366379
2019-04-01,La Libertad,176.15100131
2019-04-01,Lambayeque,48.95389841
2019-04-01,Lima,905.21991629
2019-04-01,Loreto,1.60087517
2019-04-01,Madre De Dios,3.61035134999998
2019-04-01,Moquegua,265.60250929
2019-04-01,Pasco,16.23192217
2019-04-01,Piura,228.48171537
2019-04-01,Puno,60.44644884
2019-04-01,San Martin,4.22395806
2019-04-01,Tacna,15.56991342
2019-04-01,Tumbes,16.36123852
2019-04-01,Ucayali,1.65894097
2019-04-01,No Registrado,0.968353221504003
2019-04-01,Total,3780.78093346774
2019-05-01,Amazonas,0.83173064
2019-05-01,Ancash,334.90642879
2019-05-01,Apurimac,263.70678508
2019-05-01,Arequipa,323.380866970001
2019-05-01,Ayacucho,20.25175009
2019-05-01,Cajamarca,225.375865599006
2019-05-01,Callao,344.997159359997
2019-05-01,Cusco,98.00679899
2019-05-01,Huancavelica,0.97666153
2019-05-01,Huanuco,3.48903907
2019-05-01,Ica,249.075848139999
2019-05-01,Junin,73.49252441
2019-05-01,La Libertad,178.97852405
2019-05-01,Lambayeque,56.35546036
2019-05-01,Lima,1052.4703079
2019-05-01,Loreto,1.76368602
2019-05-01,Madre De Dios,3.71730964999999
2019-05-01,Moquegua,171.40059672
2019-05-01,Pasco,8.28364124
2019-05-01,Piura,187.14888104
2019-05-01,Puno,68.5238619
2019-05-01,San Martin,6.44396558
2019-05-01,Tacna,11.8331935
2019-05-01,Tumbes,12.1345067
2019-05-01,Ucayali,1.21534267
2019-05-01,No Registrado,1.0000678915485
2019-05-01,Total,3699.76080389056
2019-06-01,Amazonas,2.55678318
2019-06-01,Ancash,292.076832790001
2019-06-01,Apurimac,205.55464226
2019-06-01,Arequipa,401.96480281
2019-06-01,Ayacucho,31.44967397
2019-06-01,Cajamarca,245.364546494441
2019-06-01,Callao,529.321654150004
2019-06-01,Cusco,244.62400267
2019-06-01,Huancavelica,1.08790402
2019-06-01,Huanuco,1.24605003
2019-06-01,Ica,277.42091354
2019-06-01,Junin,65.9049859
2019-06-01,La Libertad,245.39052968
2019-06-01,Lambayeque,45.5823761000002
2019-06-01,Lima,983.492362069998
2019-06-01,Loreto,1.55718056
2019-06-01,Madre De Dios,4.67684659000001
2019-06-01,Moquegua,163.20733861
2019-06-01,Pasco,15.61716855
2019-06-01,Piura,218.44144541
2019-06-01,Puno,71.34078284
2019-06-01,San Martin,11.2015285
2019-06-01,Tacna,18.44299025
2019-06-01,Tumbes,13.85603866
2019-06-01,Ucayali,2.48090233
2019-06-01,No Registrado,0.966834620056488
2019-06-01,Total,4094.8271165845
2019-07-01,Amazonas,3.83305771
2019-07-01,Ancash,307.01105659
2019-07-01,Apurimac,157.57346053
2019-07-01,Arequipa,328.752328630002
2019-07-01,Ayacucho,21.17699459
2019-07-01,Cajamarca,349.59656174475
2019-07-01,Callao,443.226160579998
2019-07-01,Cusco,141.38519464
2019-07-01,Huancavelica,1.95697266
2019-07-01,Huanuco,0.74345775
2019-07-01,Ica,344.990154930003
2019-07-01,Junin,62.25264489
2019-07-01,La Libertad,273.44261351
2019-07-01,Lambayeque,38.6564958699999
2019-07-01,Lima,1128.62052881
2019-07-01,Loreto,2.00866044
2019-07-01,Madre De Dios,4.71721193999999
2019-07-01,Moquegua,271.15350279
2019-07-01,Pasco,15.8678884
2019-07-01,Piura,238.78203404
2019-07-01,Puno,29.71466669
2019-07-01,San Martin,9.35459911
2019-07-01,Tacna,24.31420608
2019-07-01,Tumbes,11.38432695
2019-07-01,Ucayali,3.19377055
2019-07-01,No Registrado,0.9985229784579132
2019-07-01,Total,4214.70707340321
2019-08-01,Amazonas,3.57389898
2019-08-01,Ancash,310.12000026
2019-08-01,Apurimac,170.80546419
2019-08-01,Arequipa,277.53870125
2019-08-01,Ayacucho,25.75023604
2019-08-01,Cajamarca,347.324012805977
2019-08-01,Callao,371.63013335999693
2019-08-01,Cusco,104.80129551
2019-08-01,Huancavelica,1.25209255
2019-08-01,Huanuco,0.43831853
2019-08-01,Ica,329.654716220002
2019-08-01,Junin,73.19258158
2019-08-01,La Libertad,229.272111900001
2019-08-01,Lambayeque,34.45885488
2019-08-01,Lima,1097.12271602
2019-08-01,Loreto,1.52576971
2019-08-01,Madre De Dios,4.9213005
2019-08-01,Moquegua,219.31939292
2019-08-01,Pasco,15.26407793
2019-08-01,Piura,187.92934344
2019-08-01,Puno,78.3435456
2019-08-01,San Martin,10.03995101
2019-08-01,Tacna,25.15335903
2019-08-01,Tumbes,6.65044008
2019-08-01,Ucayali,1.6706732
2019-08-01,No Registrado,0.999924825829112
2019-08-01,Total,3928.7529123218
2019-09-01,Amazonas,4.78933284
2019-09-01,Ancash,283.403447830001
2019-09-01,Apurimac,165.25856388
2019-09-01,Arequipa,376.92769377
2019-09-01,Ayacucho,22.54569142
2019-09-01,Cajamarca,340.778899825534
2019-09-01,Callao,360.621612959999
2019-09-01,Cusco,133.08176888
2019-09-01,Huancavelica,2.36257317
2019-09-01,Huanuco,0.1858528
2019-09-01,Ica,276.046849319999
2019-09-01,Junin,54.29853813
2019-09-01,La Libertad,272.792058290001
2019-09-01,Lambayeque,65.9014960000001
2019-09-01,Lima,987.6196271100031
2019-09-01,Loreto,1.96491394
2019-09-01,Madre De Dios,4.62544614
2019-09-01,Moquegua,216.95236948
2019-09-01,Pasco,9.93517076
2019-09-01,Piura,255.85108492
2019-09-01,Puno,100.75645282
2019-09-01,San Martin,8.6835889
2019-09-01,Tacna,39.8855566600001
2019-09-01,Tumbes,5.43565531
2019-09-01,Ucayali,2.04677081
2019-09-01,No Registrado,0.999739443115686
2019-09-01,Total,3993.7507554086505
2019-10-01,Amazonas,4.6162054
2019-10-01,Ancash,344.282224840004
2019-10-01,Apurimac,72.74988315
2019-10-01,Arequipa,410.076493630001
2019-10-01,Ayacucho,27.52589039
2019-10-01,Cajamarca,256.246874562436
2019-10-01,Callao,281.45038575
2019-10-01,Cusco,99.23487045
2019-10-01,Huancavelica,3.20402619
2019-10-01,Huanuco,0.67358525
2019-10-01,Ica,295.3392192
2019-10-01,Junin,114.58409023
2019-10-01,La Libertad,311.30784021
2019-10-01,Lambayeque,79.12259514999991
2019-10-01,Lima,1104.00029811998
2019-10-01,Loreto,13.22483399
2019-10-01,Madre De Dios,3.26751223999999
2019-10-01,Moquegua,250.71802193
2019-10-01,Pasco,62.01746555
2019-10-01,Piura,268.80752235
2019-10-01,Puno,106.40768826
2019-10-01,San Martin,10.22808608
2019-10-01,Tacna,30.3744984
2019-10-01,Tumbes,5.8286226
2019-10-01,Ucayali,2.05785967000001
2019-10-01,No Registrado,1.0000275160055
2019-10-01,Total,4158.34662110843
2019-11-01,Amazonas,3.59027962
2019-11-01,Ancash,252.0577576
2019-11-01,Apurimac,121.53540036
2019-11-01,Arequipa,450.532477010001
2019-11-01,Ayacucho,19.12377389
2019-11-01,Cajamarca,247.401941168372
2019-11-01,Callao,200.484134380001
2019-11-01,Cusco,202.8373797
2019-11-01,Huancavelica,2.55660781
2019-11-01,Huanuco,11.65268631
2019-11-01,Ica,304.097303599999
2019-11-01,Junin,71.32777453
2019-11-01,La Libertad,275.32710952
2019-11-01,Lambayeque,85.3039806899999
2019-11-01,Lima,1040.15087490998
2019-11-01,Loreto,45.13474828
2019-11-01,Madre De Dios,4.10776759
2019-11-01,Moquegua,167.61692742
2019-11-01,Pasco,23.18826046
2019-11-01,Piura,308.07484524
2019-11-01,Puno,143.73511859
2019-11-01,San Martin,12.55323827
2019-11-01,Tacna,26.2614841
2019-11-01,Tumbes,4.25452367
2019-11-01,Ucayali,2.87181799999999
2019-11-01,No Registrado,0.965342065005643
2019-11-01,Total,4026.74355478336
2019-12-01,Amazonas,5.33281886
2019-12-01,Ancash,417.29676742
2019-12-01,Apurimac,417.3992145
2019-12-01,Arequipa,386.707803000001
2019-12-01,Ayacucho,5.93448366
2019-12-01,Cajamarca,307.057862529818
2019-12-01,Callao,169.787392100002
2019-12-01,Cusco,192.75107839
2019-12-01,Huancavelica,1.51550284
2019-12-01,Huanuco,4.21814652
2019-12-01,Ica,410.00364432
2019-12-01,Junin,92.78184253
2019-12-01,La Libertad,294.291037339999
2019-12-01,Lambayeque,83.77210825999991
2019-12-01,Lima,1147.83426404994
2019-12-01,Loreto,56.02650605
2019-12-01,Madre De Dios,5.36906295
2019-12-01,Moquegua,356.95567301
2019-12-01,Pasco,20.62319813
2019-12-01,Piura,345.277727419999
2019-12-01,Puno,98.72934329
2019-12-01,San Martin,12.32246831
2019-12-01,Tacna,28.3059978
2019-12-01,Tumbes,6.87281171
2019-12-01,Ucayali,1.82956498
2019-12-01,No Registrado,0.999735871537268
2019-12-01,Total,4869.9960558413
2020-01-01,Amazonas,0.94304752
2020-01-01,Ancash,311.08497825
2020-01-01,Apurimac,226.38087667
2020-01-01,Arequipa,321.08217432
2020-01-01,Ayacucho,50.31860672
2020-01-01,Cajamarca,121.8653631
2020-01-01,Callao,180.39174905
2020-01-01,Cusco,139.22036111
2020-01-01,Huancavelica,3.20304313
2020-01-01,Huanuco,1.65485727
2020-01-01,Ica,461.29368983
2020-01-01,Junin,81.91959178
2020-01-01,La Libertad,274.95279224
2020-01-01,Lambayeque,41.13760526
2020-01-01,Lima,859.65749963
2020-01-01,Loreto,1.02703338
2020-01-01,Madre De Dios,4.4009725
2020-01-01,Moquegua,116.92385839
2020-01-01,Pasco,66.33467724
2020-01-01,Piura,306.05763979
2020-01-01,Puno,116.54881554
2020-01-01,San Martin,12.50003756
2020-01-01,Tacna,18.79789087
2020-01-01,Tumbes,8.5238087
2020-01-01,Ucayali,2.24401463
2020-01-01,No Registrado,168.875050251053
2020-01-01,Total,3897.3400347310494
2020-02-01,Amazonas,0.45359779
2020-02-01,Ancash,300.74208771
2020-02-01,Apurimac,133.56867211
2020-02-01,Arequipa,301.39164997
2020-02-01,Ayacucho,62.60641886
2020-02-01,Cajamarca,113.6089537
2020-02-01,Callao,175.51699614
2020-02-01,Cusco,138.55630109
2020-02-01,Huancavelica,2.65676121
2020-02-01,Huanuco,0.56255206
2020-02-01,Ica,367.07691277
2020-02-01,Junin,84.97724035
2020-02-01,La Libertad,181.15667532
2020-02-01,Lambayeque,37.54283787
2020-02-01,Lima,828.5630004
2020-02-01,Loreto,1.62820254
2020-02-01,Madre De Dios,5.94142652
2020-02-01,Moquegua,245.37239693
2020-02-01,Pasco,37.23860978
2020-02-01,Piura,214.75215588
2020-02-01,Puno,131.71168837
2020-02-01,San Martin,17.7813501
2020-02-01,Tacna,18.830641
2020-02-01,Tumbes,6.62205703
2020-02-01,Ucayali,3.63795902
2020-02-01,No Registrado,140.869086155549
2020-02-01,Total,3553.36623067555
2020-03-01,Amazonas,0.42307901
2020-03-01,Ancash,300.03963062
2020-03-01,Apurimac,143.55528311
2020-03-01,Arequipa,244.26889433
2020-03-01,Ayacucho,94.35857944
2020-03-01,Cajamarca,76.0972077
2020-03-01,Callao,124.95635715
2020-03-01,Cusco,141.97523732
2020-03-01,Huancavelica,2.92883916
2020-03-01,Huanuco,0.69577587
2020-03-01,Ica,230.17917429
2020-03-01,Junin,83.35486808
2020-03-01,La Libertad,150.18270107
2020-03-01,Lambayeque,40.20900131
2020-03-01,Lima,748.24891678
2020-03-01,Loreto,19.57655898
2020-03-01,Madre De Dios,2.98542715
2020-03-01,Moquegua,83.2416141
2020-03-01,Pasco,14.89447167
2020-03-01,Piura,153.19843494
2020-03-01,Puno,59.42921395
2020-03-01,San Martin,8.34956474
2020-03-01,Tacna,25.84989233
2020-03-01,Tumbes,4.12906544
2020-03-01,Ucayali,1.82846966
2020-03-01,No Registrado,91.953246217578
2020-03-01,Total,2846.90950441758
2020-04-01,Amazonas,0.70511742
2020-04-01,Ancash,182.54239489
2020-04-01,Apurimac,2.30714621
2020-04-01,Arequipa,134.07665929
2020-04-01,Ayacucho,35.91634931
2020-04-01,Cajamarca,86.77111664
2020-04-01,Callao,88.18419819
2020-04-01,Cusco,4.618475
2020-04-01,Huancavelica,1.28897479
2020-04-01,Huanuco,0.25234652
2020-04-01,Ica,144.46753864
2020-04-01,Junin,76.78068753
2020-04-01,La Libertad,179.25959859
2020-04-01,Lambayeque,39.03073835
2020-04-01,Lima,491.48209207
2020-04-01,Loreto,0.43837166
2020-04-01,Madre De Dios,2.77632414
2020-04-01,Moquegua,212.88748871
2020-04-01,Pasco,7.58411733
2020-04-01,Piura,109.27883993
2020-04-01,Puno,25.86716038
2020-04-01,San Martin,5.79515248
2020-04-01,Tacna,29.25231646
2020-04-01,Tumbes,2.49778369
2020-04-01,Ucayali,0.37102422
2020-04-01,No Registrado,0.9998638728636708
2020-04-01,Total,1865.43187631286
2020-05-01,Amazonas,1.30471507
2020-05-01,Ancash,45.02755337
2020-05-01,Apurimac,95.67712655
2020-05-01,Arequipa,237.8304521
2020-05-01,Ayacucho,12.11099902
2020-05-01,Cajamarca,68.17142481
2020-05-01,Callao,71.38057844
2020-05-01,Cusco,56.36102477
2020-05-01,Huancavelica,3.99768449
2020-05-01,Huanuco,0.50290289
2020-05-01,Ica,135.5428899
2020-05-01,Junin,99.84092816
2020-05-01,La Libertad,161.69320635
2020-05-01,Lambayeque,58.89360553
2020-05-01,Lima,500.5063221
2020-05-01,Loreto,0.6247074
2020-05-01,Madre De Dios,3.79976421
2020-05-01,Moquegua,179.63277479
2020-05-01,Pasco,34.11998878
2020-05-01,Piura,102.45634523
2020-05-01,Puno,70.25608722
2020-05-01,San Martin,7.11194541
2020-05-01,Tacna,43.23815599
2020-05-01,Tumbes,5.31946338
2020-05-01,Ucayali,3.63995917
2020-05-01,No Registrado,7.5361229006146
2020-05-01,Total,2006.57672803061
2020-06-01,Amazonas,1.19782592
2020-06-01,Ancash,228.44662342
2020-06-01,Apurimac,248.51514837
2020-06-01,Arequipa,292.50607071
2020-06-01,Ayacucho,46.25200947
2020-06-01,Cajamarca,148.36656147
2020-06-01,Callao,96.55920792
2020-06-01,Cusco,172.73039145
2020-06-01,Huancavelica,2.8839557
2020-06-01,Huanuco,1.00583867
2020-06-01,Ica,184.99870768
2020-06-01,Junin,34.40170502
2020-06-01,La Libertad,251.74084979
2020-06-01,Lambayeque,52.07780038
2020-06-01,Lima,577.8338172
2020-06-01,Loreto,1.44075508
2020-06-01,Madre De Dios,6.59014772
2020-06-01,Moquegua,193.9343572
2020-06-01,Pasco,12.17894392
2020-06-01,Piura,118.17105451
2020-06-01,Puno,98.45032423
2020-06-01,San Martin,7.532079
2020-06-01,Tacna,27.25130075
2020-06-01,Tumbes,8.72107665
2020-06-01,Ucayali,5.48842405
2020-06-01,No Registrado,87.8556350827416
2020-06-01,Total,2907.13061136274
2020-07-01,Amazonas,3.30668079
2020-07-01,Ancash,344.16819371
2020-07-01,Apurimac,189.7919759
2020-07-01,Arequipa,301.05521808
2020-07-01,Ayacucho,49.10816968
2020-07-01,Cajamarca,104.60112924
2020-07-01,Callao,194.50546078
2020-07-01,Cusco,170.50981632
2020-07-01,Huancavelica,6.16671257
2020-07-01,Huanuco,0.75251474
2020-07-01,Ica,312.34917328
2020-07-01,Junin,87.52137527
2020-07-01,La Libertad,280.80327434
2020-07-01,Lambayeque,51.98887526
2020-07-01,Lima,761.42002218
2020-07-01,Loreto,0.99764826
2020-07-01,Madre De Dios,8.50250453
2020-07-01,Moquegua,349.50968851
2020-07-01,Pasco,14.32110771
2020-07-01,Piura,195.90630718
2020-07-01,Puno,113.77251378
2020-07-01,San Martin,10.26603772
2020-07-01,Tacna,26.97292558
2020-07-01,Tumbes,7.64861063
2020-07-01,Ucayali,2.5997892
2020-07-01,No Registrado,112.213993193343
2020-07-01,Total,3700.75971843334
2020-08-01,Amazonas,6.55847085
2020-08-01,Ancash,417.63249564
2020-08-01,Apurimac,27.5860024
2020-08-01,Arequipa,294.16933324
2020-08-01,Ayacucho,61.07929158
2020-08-01,Cajamarca,187.02466108
2020-08-01,Callao,227.21845849
2020-08-01,Cusco,48.92514855
2020-08-01,Huancavelica,0.78192124
2020-08-01,Huanuco,1.72250982
2020-08-01,Ica,319.81662457
2020-08-01,Junin,112.9084993
2020-08-01,La Libertad,353.66492295
2020-08-01,Lambayeque,57.94650698
2020-08-01,Lima,909.14537485
2020-08-01,Loreto,1.14772246
2020-08-01,Madre De Dios,5.94493919
2020-08-01,Moquegua,100.82899547
2020-08-01,Pasco,36.78091934
2020-08-01,Piura,186.96774843
2020-08-01,Puno,164.57692955
2020-08-01,San Martin,12.17880229
2020-08-01,Tacna,47.08625082
2020-08-01,Tumbes,6.08593783
2020-08-01,Ucayali,5.12259687
2020-08-01,No Registrado,64.2561872385545
2020-08-01,Total,3657.15725102855
2020-09-01,Amazonas,6.75661975
2020-09-01,Ancash,389.9892586
2020-09-01,Apurimac,289.83605667
2020-09-01,Arequipa,415.214737989
2020-09-01,Ayacucho,73.135751203
2020-09-01,Cajamarca,209.140544738
2020-09-01,Callao,263.294861491
2020-09-01,Cusco,234.89811896
2020-09-01,Huancavelica,0.77836289
2020-09-01,Huanuco,1.19998643
2020-09-01,Ica,344.206467092
2020-09-01,Junin,89.038934419
2020-09-01,La Libertad,350.978403208
2020-09-01,Lambayeque,69.5204895150001
2020-09-01,Lima,845.80232998
2020-09-01,Loreto,0.83288301
2020-09-01,Madre De Dios,6.3619233
2020-09-01,Moquegua,186.24774934
2020-09-01,Pasco,30.739575234
2020-09-01,Piura,211.053949149
2020-09-01,Puno,167.700995369
2020-09-01,San Martin,13.033935527
2020-09-01,Tacna,62.551492511
2020-09-01,Tumbes,4.8282312
2020-09-01,Ucayali,4.323702881
2020-09-01,No Registrado,59.5500894812685
2020-09-01,Total,4331.01544993727
2020-10-01,Amazonas,9.84183006199999
2020-10-01,Ancash,433.499937944
2020-10-01,Apurimac,280.58842529
2020-10-01,Arequipa,417.953104503
2020-10-01,Ayacucho,105.029814157
2020-10-01,Cajamarca,187.03343399
2020-10-01,Callao,218.229856078
2020-10-01,Cusco,273.76302998
2020-10-01,Huancavelica,3.03997445
2020-10-01,Huanuco,1.26578352
2020-10-01,Ica,373.399530753
2020-10-01,Junin,108.714295247
2020-10-01,La Libertad,383.411690614
2020-10-01,Lambayeque,104.751523232
2020-10-01,Lima,869.470456273
2020-10-01,Loreto,0.91460566
2020-10-01,Madre De Dios,7.67229797
2020-10-01,Moquegua,229.95135895
2020-10-01,Pasco,30.920954322
2020-10-01,Piura,277.744208873
2020-10-01,Puno,185.964298434
2020-10-01,San Martin,11.445229988
2020-10-01,Tacna,63.291518733
2020-10-01,Tumbes,7.25450683
2020-10-01,Ucayali,8.730514141
2020-10-01,No Registrado,81.7996496579744
2020-10-01,Total,4675.68182965197
2020-11-01,Amazonas,4.08628181
2020-11-01,Ancash,421.257191651
2020-11-01,Apurimac,266.92303943
2020-11-01,Arequipa,344.64882421
2020-11-01,Ayacucho,71.16682661
2020-11-01,Cajamarca,104.86650575
2020-11-01,Callao,206.818292924
2020-11-01,Cusco,225.161154189
2020-11-01,Huancavelica,6.28230268
2020-11-01,Huanuco,1.12245266
2020-11-01,Ica,356.538210499
2020-11-01,Junin,184.384020223
2020-11-01,La Libertad,286.221616413
2020-11-01,Lambayeque,89.355223467
2020-11-01,Lima,742.476547522
2020-11-01,Loreto,6.66731161
2020-11-01,Madre De Dios,4.23237955
2020-11-01,Moquegua,269.450500883
2020-11-01,Pasco,22.87442011
2020-11-01,Piura,328.509409617
2020-11-01,Puno,191.482418397
2020-11-01,San Martin,13.339120476
2020-11-01,Tacna,48.520963036
2020-11-01,Tumbes,9.34811337
2020-11-01,Ucayali,2.44731054
2020-11-01,No Registrado,148.171423078873
2020-11-01,Total,4356.35186070587
2020-12-01,Amazonas,4.79708467
2020-12-01,Ancash,533.352898232
2020-12-01,Apurimac,147.36802054
2020-12-01,Arequipa,473.500372981
2020-12-01,Ayacucho,60.781865704
2020-12-01,Cajamarca,171.49516767
2020-12-01,Callao,326.51767387
2020-12-01,Cusco,186.76879837
2020-12-01,Huancavelica,7.073957181
2020-12-01,Huanuco,0.90885089
2020-12-01,Ica,516.317762416
2020-12-01,Junin,129.133295245
2020-12-01,La Libertad,316.883148501
2020-12-01,Lambayeque,76.409694881
2020-12-01,Lima,944.679895471
2020-12-01,Loreto,1.86361824
2020-12-01,Madre De Dios,5.25434685
2020-12-01,Moquegua,314.216155505
2020-12-01,Pasco,23.72802042
2020-12-01,Piura,368.372716452
2020-12-01,Puno,126.485183457
2020-12-01,San Martin,9.988075968
2020-12-01,Tacna,47.78626013
2020-12-01,Tumbes,10.18415908
2020-12-01,Ucayali,6.209066809
2020-12-01,No Registrado,217.803915559698
2020-12-01,Total,5027.8800050927
2021-01-01,Amazonas,2.84844751
2021-01-01,Ancash,418.83102433
2021-01-01,Apurimac,146.47251634
2021-01-01,Arequipa,379.20076736
2021-01-01,Ayacucho,74.15224911
2021-01-01,Cajamarca,107.20684928
2021-01-01,Callao,253.00537963
2021-01-01,Cusco,217.5039829
2021-01-01,Huancavelica,4.11622318
2021-01-01,Huanuco,0.26364812
2021-01-01,Ica,712.43058797
2021-01-01,Junin,204.32581545
2021-01-01,La Libertad,239.54605725
2021-01-01,Lambayeque,43.43381343
2021-01-01,Lima,856.23432389
2021-01-01,Loreto,23.35720299
2021-01-01,Madre De Dios,6.29734614
2021-01-01,Moquegua,128.41008975
2021-01-01,Pasco,50.07354515
2021-01-01,Piura,275.67694699
2021-01-01,Puno,159.69063238
2021-01-01,San Martin,12.69427126
2021-01-01,Tacna,52.86784006
2021-01-01,Tumbes,8.82707984
2021-01-01,Ucayali,5.78509506
2021-01-01,No Registrado,125.131571764177
2021-01-01,Total,4508.38330713418
2021-02-01,Amazonas,1.2546104
2021-02-01,Ancash,550.24676295
2021-02-01,Apurimac,298.72248552
2021-02-01,Arequipa,331.16180441
2021-02-01,Ayacucho,63.40370784
2021-02-01,Cajamarca,139.78310555
2021-02-01,Callao,334.71433674
2021-02-01,Cusco,187.37846432
2021-02-01,Huancavelica,15.07161011
2021-02-01,Huanuco,0.66931809
2021-02-01,Ica,506.20504173
2021-02-01,Junin,97.74296821
2021-02-01,La Libertad,243.79159747
2021-02-01,Lambayeque,39.92590903
2021-02-01,Lima,817.736355069999
2021-02-01,Loreto,1.13157203
2021-02-01,Madre De Dios,9.59448782
2021-02-01,Moquegua,200.76101059
2021-02-01,Pasco,19.69330429
2021-02-01,Piura,229.30486491
2021-02-01,Puno,130.4690802
2021-02-01,San Martin,9.10604038
2021-02-01,Tacna,72.1837565
2021-02-01,Tumbes,10.72943463
2021-02-01,Ucayali,9.12148974
2021-02-01,No Registrado,149.941020075981
2021-02-01,Total,4469.84413860598
2021-03-01,Amazonas,0.76439954
2021-03-01,Ancash,639.64902891
2021-03-01,Apurimac,334.82646389
2021-03-01,Arequipa,442.77951558
2021-03-01,Ayacucho,59.41992576
2021-03-01,Cajamarca,76.5578902
2021-03-01,Callao,340.75968952
2021-03-01,Cusco,166.73957705
2021-03-01,Huancavelica,7.40172135
2021-03-01,Huanuco,0.79527343
2021-03-01,Ica,465.99625432
2021-03-01,Junin,119.47329797
2021-03-01,La Libertad,237.80442971
2021-03-01,Lambayeque,41.71359153
2021-03-01,Lima,838.4136696800009
2021-03-01,Loreto,1.32963157
2021-03-01,Madre De Dios,10.39185068
2021-03-01,Moquegua,237.67980723
2021-03-01,Pasco,27.41676821
2021-03-01,Piura,189.9947306
2021-03-01,Puno,159.79875272
2021-03-01,San Martin,7.0474384
2021-03-01,Tacna,49.99736545
2021-03-01,Tumbes,9.79685678
2021-03-01,Ucayali,5.79535021
2021-03-01,No Registrado,143.680134220122
2021-03-01,Total,4616.02341451012
2021-04-01,Amazonas,1.25665336
2021-04-01,Ancash,511.79197269
2021-04-01,Apurimac,134.8329956
2021-04-01,Arequipa,459.8307385
2021-04-01,Ayacucho,65.03382545
2021-04-01,Cajamarca,139.32790041
2021-04-01,Callao,378.26361549
2021-04-01,Cusco,167.19462704
2021-04-01,Huancavelica,2.33663437
2021-04-01,Huanuco,0.7012811
2021-04-01,Ica,420.64967479
2021-04-01,Junin,110.92039176
2021-04-01,La Libertad,280.29008881
2021-04-01,Lambayeque,59.68903196
2021-04-01,Lima,939.31060003
2021-04-01,Loreto,15.14159922
2021-04-01,Madre De Dios,7.43131513
2021-04-01,Moquegua,317.66273691
2021-04-01,Pasco,24.45095401
2021-04-01,Piura,192.09096032
2021-04-01,Puno,200.58592957
2021-04-01,San Martin,6.96002923
2021-04-01,Tacna,38.12090915
2021-04-01,Tumbes,13.88412022
2021-04-01,Ucayali,2.97542078
2021-04-01,No Registrado,154.301468290496
2021-04-01,Total,4645.0354741905
2021-05-01,Amazonas,1.78967844
2021-05-01,Ancash,514.6672525
2021-05-01,Apurimac,528.91530473
2021-05-01,Arequipa,401.1864231
2021-05-01,Ayacucho,69.70235459
2021-05-01,Cajamarca,127.97992401
2021-05-01,Callao,340.85763927
2021-05-01,Cusco,166.92626708
2021-05-01,Huancavelica,5.55932982
2021-05-01,Huanuco,0.6108068
2021-05-01,Ica,500.75319133
2021-05-01,Junin,126.39472462
2021-05-01,La Libertad,226.74024649
2021-05-01,Lambayeque,81.5418041899999
2021-05-01,Lima,968.76934162
2021-05-01,Loreto,2.02242213
2021-05-01,Madre De Dios,5.69030977
2021-05-01,Moquegua,164.50991843
2021-05-01,Pasco,84.93069818
2021-05-01,Piura,172.27391372
2021-05-01,Puno,210.76283209
2021-05-01,San Martin,8.81915312
2021-05-01,Tacna,52.56574178
2021-05-01,Tumbes,15.29649192
2021-05-01,Ucayali,7.51254568
2021-05-01,No Registrado,164.766928604124
2021-05-01,Total,4951.54524401413
2021-06-01,Amazonas,2.39964563
2021-06-01,Ancash,559.68829375
2021-06-01,Apurimac,395.08880931
2021-06-01,Arequipa,376.64828003
2021-06-01,Ayacucho,71.60661368
2021-06-01,Cajamarca,104.34926434
2021-06-01,Callao,341.04290393
2021-06-01,Cusco,204.78632796
2021-06-01,Huancavelica,2.91340399
2021-06-01,Huanuco,0.58317925
2021-06-01,Ica,518.45731546
2021-06-01,Junin,107.11025526
2021-06-01,La Libertad,333.14156597
2021-06-01,Lambayeque,82.71569270000012
2021-06-01,Lima,939.950209310001
2021-06-01,Loreto,2.36425905
2021-06-01,Madre De Dios,14.16858019
2021-06-01,Moquegua,179.17102012
2021-06-01,Pasco,17.21169317
2021-06-01,Piura,169.29121423
2021-06-01,Puno,229.97086301
2021-06-01,San Martin,9.0858017
2021-06-01,Tacna,51.93587634
2021-06-01,Tumbes,9.33908459
2021-06-01,Ucayali,7.9795046
2021-06-01,No Registrado,175.899025868193
2021-06-01,Total,4906.89868343819
2021-07-01,Amazonas,5.40750263
2021-07-01,Ancash,515.85839017
2021-07-01,Apurimac,227.54988218
2021-07-01,Arequipa,479.8982623
2021-07-01,Ayacucho,68.90536374
2021-07-01,Cajamarca,132.28093076
2021-07-01,Callao,369.13572594
2021-07-01,Cusco,83.18276578
2021-07-01,Huancavelica,2.65677472
2021-07-01,Huanuco,0.82278694
2021-07-01,Ica,523.4978724
2021-07-01,Junin,201.7073706
2021-07-01,La Libertad,388.77743861
2021-07-01,Lambayeque,66.2328068800001
2021-07-01,Lima,1037.90753664
2021-07-01,Loreto,1.08862802
2021-07-01,Madre De Dios,15.65476734
2021-07-01,Moquegua,297.71267805
2021-07-01,Pasco,15.2411113
2021-07-01,Piura,193.33594753
2021-07-01,Puno,225.26357359
2021-07-01,San Martin,11.3951736
2021-07-01,Tacna,36.24240057
2021-07-01,Tumbes,10.92482712
2021-07-01,Ucayali,9.42361237
2021-07-01,No Registrado,200.761730028857
2021-07-01,Total,5120.86585980886
2021-08-01,Amazonas,5.24472159
2021-08-01,Ancash,591.10502233
2021-08-01,Apurimac,320.78944988
2021-08-01,Arequipa,502.21195515
2021-08-01,Ayacucho,64.05877664
2021-08-01,Cajamarca,174.14125652
2021-08-01,Callao,366.30649569
2021-08-01,Cusco,200.06758922
2021-08-01,Huancavelica,3.6310375
2021-08-01,Huanuco,0.5430132
2021-08-01,Ica,638.21558526
2021-08-01,Junin,205.38846443
2021-08-01,La Libertad,385.9725997
2021-08-01,Lambayeque,79.6049810900001
2021-08-01,Lima,944.10485215
2021-08-01,Loreto,1.45274874
2021-08-01,Madre De Dios,16.02136559
2021-08-01,Moquegua,382.85319456
2021-08-01,Pasco,11.71806519
2021-08-01,Piura,182.30989663
2021-08-01,Puno,217.1026626
2021-08-01,San Martin,11.25197623
2021-08-01,Tacna,58.0014141
2021-08-01,Tumbes,12.86300422
2021-08-01,Ucayali,7.03687724
2021-08-01,No Registrado,206.030811581342
2021-08-01,Total,5588.02781703134
2021-09-01,Amazonas,8.15529418
2021-09-01,Ancash,530.0294939
2021-09-01,Apurimac,216.25051557
2021-09-01,Arequipa,602.55251638
2021-09-01,Ayacucho,65.89750946
2021-09-01,Cajamarca,136.66823968
2021-09-01,Callao,318.66598301
2021-09-01,Cusco,283.62743934
2021-09-01,Huancavelica,10.82907855
2021-09-01,Huanuco,0.21257135
2021-09-01,Ica,486.22272386
2021-09-01,Junin,139.08297053
2021-09-01,La Libertad,462.58986535000093
2021-09-01,Lambayeque,124.91855041
2021-09-01,Lima,1283.0963789
2021-09-01,Loreto,1.29570472
2021-09-01,Madre De Dios,13.0252607
2021-09-01,Moquegua,223.26086231
2021-09-01,Pasco,22.10526886
2021-09-01,Piura,237.66162625
2021-09-01,Puno,215.09076159
2021-09-01,San Martin,16.20587147
2021-09-01,Tacna,59.86823436
2021-09-01,Tumbes,15.16207066
2021-09-01,Ucayali,6.51137061
2021-09-01,No Registrado,248.508732453796
2021-09-01,Total,5727.4948944538
2021-10-01,Amazonas,5.7352192
2021-10-01,Ancash,450.19000497
2021-10-01,Apurimac,153.54329575
2021-10-01,Arequipa,529.96158247
2021-10-01,Ayacucho,63.64153856
2021-10-01,Cajamarca,178.37251184
2021-10-01,Callao,380.47696154
2021-10-01,Cusco,154.62739013
2021-10-01,Huancavelica,10.04558617
2021-10-01,Huanuco,1.085826
2021-10-01,Ica,656.04202399
2021-10-01,Junin,122.34557968
2021-10-01,La Libertad,395.42190663
2021-10-01,Lambayeque,100.53491617
2021-10-01,Lima,1352.88893814
2021-10-01,Loreto,1.4041459
2021-10-01,Madre De Dios,16.34191636
2021-10-01,Moquegua,273.55474899
2021-10-01,Pasco,83.85308003
2021-10-01,Piura,296.05174215
2021-10-01,Puno,212.05045334
2021-10-01,San Martin,20.18788797
2021-10-01,Tacna,47.37805521
2021-10-01,Tumbes,11.21608381
2021-10-01,Ucayali,8.03427109
2021-10-01,No Registrado,259.046541852512
2021-10-01,Total,5784.03220794251
2021-11-01,Amazonas,4.36509938
2021-11-01,Ancash,628.26260268
2021-11-01,Apurimac,251.9688331
2021-11-01,Arequipa,395.69822642
2021-11-01,Ayacucho,84.00287267
2021-11-01,Cajamarca,231.06228866
2021-11-01,Callao,310.83294279
2021-11-01,Cusco,249.367445
2021-11-01,Huancavelica,4.03463501
2021-11-01,Huanuco,0.35254348
2021-11-01,Ica,565.03616092
2021-11-01,Junin,88.59897404
2021-11-01,La Libertad,307.39974995
2021-11-01,Lambayeque,89.90431635
2021-11-01,Lima,1526.27144829
2021-11-01,Loreto,1.6881815
2021-11-01,Madre De Dios,17.9098139
2021-11-01,Moquegua,446.15762311
2021-11-01,Pasco,32.57089607
2021-11-01,Piura,410.84104896999906
2021-11-01,Puno,208.26797677
2021-11-01,San Martin,16.55397719
2021-11-01,Tacna,68.31269036
2021-11-01,Tumbes,12.46680821
2021-11-01,Ucayali,16.55501249
2021-11-01,No Registrado,268.074629419052
2021-11-01,Total,6236.55679672905
2021-12-01,Amazonas,6.49614829
2021-12-01,Ancash,721.42566406
2021-12-01,Apurimac,32.55626881
2021-12-01,Arequipa,587.45736058
2021-12-01,Ayacucho,65.42733924
2021-12-01,Cajamarca,165.79544873
2021-12-01,Callao,399.52561908
2021-12-01,Cusco,310.43300478
2021-12-01,Huancavelica,3.48677718
2021-12-01,Huanuco,0.6240472
2021-12-01,Ica,806.526588
2021-12-01,Junin,43.26865716
2021-12-01,La Libertad,383.19486293
2021-12-01,Lambayeque,94.353403
2021-12-01,Lima,1606.84000952
2021-12-01,Loreto,1.41073353
2021-12-01,Madre De Dios,10.54404714
2021-12-01,Moquegua,294.69987898
2021-12-01,Pasco,63.60791935
2021-12-01,Piura,406.51227727
2021-12-01,Puno,157.30761306
2021-12-01,San Martin,15.01502755
2021-12-01,Tacna,126.67834089
2021-12-01,Tumbes,14.96797425
2021-12-01,Ucayali,16.15116467
2021-12-01,No Registrado,225.10446058492
2021-12-01,Total,6559.41063583492
2022-01-01,Amazonas,4.94397048
2022-01-01,Ancash,372.52850963
2022-01-01,Apurimac,175.34120688
2022-01-01,Arequipa,540.67326249
2022-01-01,Ayacucho,69.56295027
2022-01-01,Cajamarca,152.01303562
2022-01-01,Callao,374.11847063
2022-01-01,Cusco,148.5329354
2022-01-01,Huancavelica,8.627366
2022-01-01,Huanuco,0.36674668
2022-01-01,Ica,731.012325559999
2022-01-01,Junin,85.37853818
2022-01-01,La Libertad,289.96711301
2022-01-01,Lambayeque,60.2335106599999
2022-01-01,Lima,1426.6179687
2022-01-01,Loreto,7.89885686
2022-01-01,Madre De Dios,12.3117243
2022-01-01,Moquegua,257.96521341
2022-01-01,Pasco,17.58771035
2022-01-01,Piura,310.38718903
2022-01-01,Puno,162.98528824
2022-01-01,San Martin,13.79463933
2022-01-01,Tacna,59.25695422
2022-01-01,Tumbes,11.23125219
2022-01-01,Ucayali,4.31970563
2022-01-01,No Registrado,206.123743671789
2022-01-01,Total,5503.78018742179
2022-02-01,Amazonas,4.26813212
2022-02-01,Ancash,567.30049598
2022-02-01,Apurimac,165.62795234
2022-02-01,Arequipa,484.90667834
2022-02-01,Ayacucho,65.96695765
2022-02-01,Cajamarca,167.30773233
2022-02-01,Callao,381.27371933
2022-02-01,Cusco,199.37920511
2022-02-01,Huancavelica,8.89941818
2022-02-01,Huanuco,1.04961836
2022-02-01,Ica,686.173571119999
2022-02-01,Junin,147.77929037
2022-02-01,La Libertad,264.70386078
2022-02-01,Lambayeque,46.59393815
2022-02-01,Lima,1385.37368971
2022-02-01,Loreto,17.46592435
2022-02-01,Madre De Dios,9.85037569
2022-02-01,Moquegua,363.05565919
2022-02-01,Pasco,13.12500313
2022-02-01,Piura,238.74823207
2022-02-01,Puno,183.74854746
2022-02-01,San Martin,10.29038132
2022-02-01,Tacna,62.54586426
2022-02-01,Tumbes,20.47705495
2022-02-01,Ucayali,24.24161735
2022-02-01,No Registrado,210.524225415928
2022-02-01,Total,5730.67714505593
2022-03-01,Amazonas,2.05788884
2022-03-01,Ancash,569.62546114
2022-03-01,Apurimac,7.23620824
2022-03-01,Arequipa,548.16838874
2022-03-01,Ayacucho,75.260945
2022-03-01,Cajamarca,152.50975109
2022-03-01,Callao,426.05469843
2022-03-01,Cusco,132.12414191
2022-03-01,Huancavelica,8.35609104
2022-03-01,Huanuco,1.26781
2022-03-01,Ica,602.50989377
2022-03-01,Junin,106.23144639
2022-03-01,La Libertad,315.37922044
2022-03-01,Lambayeque,50.02812843
2022-03-01,Lima,1696.53537301
2022-03-01,Loreto,13.8177392
2022-03-01,Madre De Dios,16.9518661
2022-03-01,Moquegua,107.75491184
2022-03-01,Pasco,27.72080052
2022-03-01,Piura,246.38410495
2022-03-01,Puno,187.00412148
2022-03-01,San Martin,13.26330602
2022-03-01,Tacna,39.23172826
2022-03-01,Tumbes,21.18771581
2022-03-01,Ucayali,12.44270023
2022-03-01,No Registrado,253.970455298326
2022-03-01,Total,5633.07489617833
2022-04-01,Amazonas,0.58832783
2022-04-01,Ancash,468.7397129
2022-04-01,Apurimac,304.41735578
2022-04-01,Arequipa,424.61249811
2022-04-01,Ayacucho,76.94016658
2022-04-01,Cajamarca,88.44467033
2022-04-01,Callao,379.04081324
2022-04-01,Cusco,210.35281951
2022-04-01,Huancavelica,4.09738991
2022-04-01,Huanuco,1.01676025
2022-04-01,Ica,461.54465695
2022-04-01,Junin,118.55876007
2022-04-01,La Libertad,261.84529579
2022-04-01,Lambayeque,60.40423088
2022-04-01,Lima,1412.0309180899999
2022-04-01,Loreto,14.04004026
2022-04-01,Madre De Dios,16.15554222
2022-04-01,Moquegua,251.96054929
2022-04-01,Pasco,18.17851467
2022-04-01,Piura,174.42137626
2022-04-01,Puno,161.93498368
2022-04-01,San Martin,10.53024451
2022-04-01,Tacna,58.7503106
2022-04-01,Tumbes,15.09860215
2022-04-01,Ucayali,11.7310529
2022-04-01,No Registrado,245.767959766343
2022-04-01,Total,5251.20355252634
2022-05-01,Amazonas,2.36396449
2022-05-01,Ancash,420.70498379000003
2022-05-01,Apurimac,35.40841144
2022-05-01,Arequipa,606.52452915
2022-05-01,Ayacucho,50.30805874
2022-05-01,Cajamarca,117.53627239
2022-05-01,Callao,289.97249699
2022-05-01,Cusco,130.39244249
2022-05-01,Huancavelica,5.7115665
2022-05-01,Huanuco,0.6389767
2022-05-01,Ica,508.91746643
2022-05-01,Junin,117.27036898
2022-05-01,La Libertad,272.16508458
2022-05-01,Lambayeque,66.33571242
2022-05-01,Lima,1201.6547591
2022-05-01,Loreto,41.98953984
2022-05-01,Madre De Dios,10.50700648
2022-05-01,Moquegua,136.36669338
2022-05-01,Pasco,45.73291075
2022-05-01,Piura,177.073122
2022-05-01,Puno,184.1366572
2022-05-01,San Martin,14.1544123
2022-05-01,Tacna,34.06622298
2022-05-01,Tumbes,13.25158765
2022-05-01,Ucayali,17.40406187
2022-05-01,No Registrado,279.535757866076
2022-05-01,Total,4780.12306650608
2022-06-01,Amazonas,4.49131277
2022-06-01,Ancash,464.86133774
2022-06-01,Apurimac,188.03532623
2022-06-01,Arequipa,537.78887166
2022-06-01,Ayacucho,65.43011507
2022-06-01,Cajamarca,143.1454084
2022-06-01,Callao,458.10847678
2022-06-01,Cusco,246.8000963
2022-06-01,Huancavelica,7.04901296
2022-06-01,Huanuco,0.79918686
2022-06-01,Ica,541.76497124
2022-06-01,Junin,111.51284077
2022-06-01,La Libertad,346.59951727
2022-06-01,Lambayeque,72.32481464
2022-06-01,Lima,1314.28414721
2022-06-01,Loreto,40.41826115
2022-06-01,Madre De Dios,11.93681727
2022-06-01,Moquegua,320.71740261
2022-06-01,Pasco,96.73159806
2022-06-01,Piura,287.63170551
2022-06-01,Puno,146.74038577
2022-06-01,San Martin,12.60074416
2022-06-01,Tacna,33.51875086
2022-06-01,Tumbes,11.84433804
2022-06-01,Ucayali,14.75397277
2022-06-01,No Registrado,300.513900106289
2022-06-01,Total,5780.40331220629
2022-07-01,Amazonas,5.3806011
2022-07-01,Ancash,428.33204261
2022-07-01,Apurimac,248.75624145
2022-07-01,Arequipa,439.74912534
2022-07-01,Ayacucho,59.5035653
2022-07-01,Cajamarca,139.30327882
2022-07-01,Callao,437.57798668
2022-07-01,Cusco,132.54564478
2022-07-01,Huancavelica,1.46369936
2022-07-01,Huanuco,1.36049453
2022-07-01,Ica,531.54319742
2022-07-01,Junin,112.88803289
2022-07-01,La Libertad,400.937421279999
2022-07-01,Lambayeque,77.4270094999999
2022-07-01,Lima,934.385254020001
2022-07-01,Loreto,18.31631938
2022-07-01,Madre De Dios,10.59963796
2022-07-01,Moquegua,177.82534478
2022-07-01,Pasco,16.21376361
2022-07-01,Piura,207.82960468
2022-07-01,Puno,138.43230405
2022-07-01,San Martin,19.41630583
2022-07-01,Tacna,36.25483815
2022-07-01,Tumbes,18.57948411
2022-07-01,Ucayali,14.10289683
2022-07-01,No Registrado,272.054025253655
2022-07-01,Total,4880.77811971365
2022-08-01,Amazonas,9.07068771
2022-08-01,Ancash,661.87685887
2022-08-01,Apurimac,311.68319282
2022-08-01,Arequipa,368.98222295
2022-08-01,Ayacucho,61.14854596
2022-08-01,Cajamarca,200.73881097
2022-08-01,Callao,426.0184125
2022-08-01,Cusco,134.05675779
2022-08-01,Huancavelica,3.37104057
2022-08-01,Huanuco,2.24602919
2022-08-01,Ica,487.05516097
2022-08-01,Junin,197.79120326
2022-08-01,La Libertad,443.11645487
2022-08-01,Lambayeque,98.44611835
2022-08-01,Lima,1365.17586284
2022-08-01,Loreto,25.35916243
2022-08-01,Madre De Dios,10.75905867
2022-08-01,Moquegua,302.55936718
2022-08-01,Pasco,30.04535229
2022-08-01,Piura,204.83245839
2022-08-01,Puno,154.22022145
2022-08-01,San Martin,20.18969613
2022-08-01,Tacna,28.56131835
2022-08-01,Tumbes,15.23082834
2022-08-01,Ucayali,8.88321218
2022-08-01,No Registrado,213.409557854538
2022-08-01,Total,5784.82759288454
2022-09-01,Amazonas,11.71680758
2022-09-01,Ancash,594.21180051
2022-09-01,Apurimac,271.97233572
2022-09-01,Arequipa,511.3689383
2022-09-01,Ayacucho,51.043794
2022-09-01,Cajamarca,186.10065374
2022-09-01,Callao,368.50768958
2022-09-01,Cusco,221.55118318
2022-09-01,Huancavelica,4.75860673
2022-09-01,Huanuco,0.30741924
2022-09-01,Ica,526.70184296
2022-09-01,Junin,161.04658486
2022-09-01,La Libertad,451.278045060001
2022-09-01,Lambayeque,126.38046316
2022-09-01,Lima,1244.32695017
2022-09-01,Loreto,17.21138025
2022-09-01,Madre De Dios,10.78502303
2022-09-01,Moquegua,260.69642749
2022-09-01,Pasco,37.18911
2022-09-01,Piura,230.05940354
2022-09-01,Puno,165.28398476
2022-09-01,San Martin,20.21143642
2022-09-01,Tacna,45.02279331
2022-09-01,Tumbes,9.66707767
2022-09-01,Ucayali,3.4258625
2022-09-01,No Registrado,234.419938671584
2022-09-01,Total,5765.24555243158
2022-10-01,Amazonas,11.20149972
2022-10-01,Ancash,422.01397665
2022-10-01,Apurimac,262.57843289
2022-10-01,Arequipa,516.83233268
2022-10-01,Ayacucho,78.68226846
2022-10-01,Cajamarca,190.7206289
2022-10-01,Callao,394.76607205
2022-10-01,Cusco,195.99725191
2022-10-01,Huancavelica,4.06425873
2022-10-01,Huanuco,0.69078101
2022-10-01,Ica,452.60772716
2022-10-01,Junin,234.40322128
2022-10-01,La Libertad,459.631718160001
2022-10-01,Lambayeque,108.63863544
2022-10-01,Lima,973.07168966
2022-10-01,Loreto,26.11404594
2022-10-01,Madre De Dios,9.30625982
2022-10-01,Moquegua,271.15672263
2022-10-01,Pasco,87.26029731
2022-10-01,Piura,357.63633627
2022-10-01,Puno,164.73351236
2022-10-01,San Martin,21.64257595
2022-10-01,Tacna,28.73444172
2022-10-01,Tumbes,10.35915141
2022-10-01,Ucayali,8.80648869
2022-10-01,No Registrado,233.2274191898
2022-10-01,Total,5524.8777459898
2022-11-01,Amazonas,4.83316517
2022-11-01,Ancash,481.88987092
2022-11-01,Apurimac,39.96730876
2022-11-01,Arequipa,420.75889335
2022-11-01,Ayacucho,68.56040333
2022-11-01,Cajamarca,160.05192935
2022-11-01,Callao,277.54542275
2022-11-01,Cusco,159.25384168
2022-11-01,Huancavelica,5.66189656
2022-11-01,Huanuco,0.7110257
2022-11-01,Ica,472.99799102
2022-11-01,Junin,198.60715274
2022-11-01,La Libertad,445.064793870001
2022-11-01,Lambayeque,91.9838934400001
2022-11-01,Lima,965.99169446
2022-11-01,Loreto,9.55637221
2022-11-01,Madre De Dios,11.81174527
2022-11-01,Moquegua,530.91852216
2022-11-01,Pasco,39.77162969
2022-11-01,Piura,419.080544599999
2022-11-01,Puno,107.96673656
2022-11-01,San Martin,17.6438123
2022-11-01,Tacna,61.00143808
2022-11-01,Tumbes,9.7647884
2022-11-01,Ucayali,13.53145845
2022-11-01,No Registrado,211.029055464502
2022-11-01,Total,5225.9553862845
2022-12-01,Amazonas,6.17396497
2022-12-01,Ancash,454.19778874
2022-12-01,Apurimac,43.60796623
2022-12-01,Arequipa,548.43111953
2022-12-01,Ayacucho,66.8524003
2022-12-01,Cajamarca,187.10208258
2022-12-01,Callao,354.18971951
2022-12-01,Cusco,276.08622333
2022-12-01,Huancavelica,3.24037182
2022-12-01,Huanuco,0.60355905
2022-12-01,Ica,795.58934307
2022-12-01,Junin,194.93039407
2022-12-01,La Libertad,397.01213062
2022-12-01,Lambayeque,108.3334024
2022-12-01,Lima,1111.5827863
2022-12-01,Loreto,32.56788112
2022-12-01,Madre De Dios,11.8828255
2022-12-01,Moquegua,598.37390103
2022-12-01,Pasco,74.15783129
2022-12-01,Piura,581.504837159999
2022-12-01,Puno,122.96371234
2022-12-01,San Martin,13.54609886
2022-12-01,Tacna,66.70671973
2022-12-01,Tumbes,8.24911604
2022-12-01,Ucayali,13.76773444
2022-12-01,No Registrado,234.514615031734
2022-12-01,Total,6306.16852506173
